id,user_id,created_at,completed,attention_checks,prolific_start_time,prolific_end_time,event_start_time,event_end_time,total_learning_time,exp_instruction_time,total_exp_time
1372,participant_0094,2024-04-11 17:10:52.980719,False,"{'1': {'correct': 'Guess, whether the machine learning model would predict the individual to earn more or less than 50k a year', 'selected': 'Guess, whether the machine learning model would predict the individual to earn more or less than 50k a year'}}",2025-02-20 12:33:38.386,2025-02-20 13:00:15.835,,,,,26.62415
1412,participant_0011,2024-04-11 17:13:21.677834,False,"{'1': {'correct': 'Guess, whether the machine learning model would predict the individual to earn more or less than 50k a year', 'selected': 'Guess, whether the machine learning model would predict the individual to earn more or less than 50k a year'}}",2025-02-20 12:33:38.386,2025-02-20 13:00:15.835,,,,,26.62415
2095,participant_0043,2024-04-15 12:23:53.056365,True,"{'1': {'correct': 'Guess, whether the machine learning model would predict the individual to earn more or less than 50k a year', 'selected': 'Guess, whether the machine learning model would predict the individual to earn more or less than 50k a year'}, '2': {'correct': ['-2', '-1'], 'selected': '-2'}, '3': {'correct': '-2', 'selected': '-2'}, '4': {'correct': '-1', 'selected': '-1'}}",2025-02-20 12:25:45.353,2025-02-20 13:06:43.416,2024-04-15 12:25:23.038962,2024-04-15 12:51:27.958531,26.081992816666666,-447840.3719006333,40.96771666666667
3491,participant_0113,2025-02-20 12:30:26.445926,True,"{'1': {'correct': 'Guess whether the AI model would predict the individual to earn more or less than 50k a year', 'selected': 'Guess whether the AI model would predict the individual to earn more or less than 50k a year'}, '2': {'correct': ['-2', '-1'], 'selected': '-2'}, '3': {'correct': '-2', 'selected': '-2'}, '4': {'correct': '-1', 'selected': '2'}}",2025-02-20 12:28:40.754,2025-02-20 12:40:39.687,2025-02-20 12:30:48.137003,2025-02-20 12:38:22.410700,7.571228283333334,2.1230500500000002,11.982216666666666
3521,participant_0001,2025-02-20 12:40:23.231924,True,"{'1': {'correct': 'Guess whether the AI model would predict the individual to earn more or less than 50k a year', 'selected': 'Guess whether the AI model would predict the individual to earn more or less than 50k a year'}, '2': {'correct': ['-2', '-1'], 'selected': '-2'}, '3': {'correct': '-2', 'selected': '-2'}, '4': {'correct': '-1', 'selected': '1'}}",2025-02-20 12:37:43.267,2025-02-20 13:01:50.072,2025-02-20 12:43:21.758620,2025-02-20 12:57:51.322302,14.492728033333332,5.641527,24.11341666666667
3511,participant_0059,2025-02-20 12:37:04.107241,True,"{'1': {'correct': 'Guess whether the AI model would predict the individual to earn more or less than 50k a year', 'selected': 'Guess whether the AI model would predict the individual to earn more or less than 50k a year'}, '2': {'correct': ['-2', '-1'], 'selected': '-2'}, '3': {'correct': '-2', 'selected': '-2'}, '4': {'correct': '-1', 'selected': '1'}}",2025-02-20 12:33:21.854,2025-02-20 13:18:20.083,2025-02-20 12:39:52.135477,2025-02-20 13:16:26.826060,36.578176383333336,6.504691283333333,44.97048333333333
3487,participant_0041,2025-02-20 12:29:18.423531,True,"{'1': {'correct': 'Guess whether the AI model would predict the individual to earn more or less than 50k a year', 'selected': 'Guess whether the AI model would predict the individual to earn more or less than 50k a year'}, '2': {'correct': ['-2', '-1'], 'selected': '-2'}, '3': {'correct': '-2', 'selected': '-2'}, '4': {'correct': '-1', 'selected': '-2'}}",2025-02-20 12:26:32.161,2025-02-20 12:51:15.999,2025-02-20 12:30:43.589480,2025-02-20 12:47:06.688262,16.3849797,4.190474666666667,24.730633333333333
3508,participant_0075,2025-02-20 12:36:06.483493,True,"{'1': {'correct': 'Guess whether the AI model would predict the individual to earn more or less than 50k a year', 'selected': 'Guess whether the AI model would predict the individual to earn more or less than 50k a year'}, '2': {'correct': ['-2', '-1'], 'selected': '-2'}, '3': {'correct': '-2', 'selected': '-2'}, '4': {'correct': '-1', 'selected': '-1'}}",2025-02-20 12:33:38.386,2025-02-20 13:00:15.835,2025-02-20 12:37:38.305095,2025-02-20 12:55:55.587635,18.288042333333333,3.9986515833333334,26.62415
3558,participant_0010,2025-02-20 13:06:06.255053,True,"{'1': {'correct': 'Guess whether the AI model would predict the individual to earn more or less than 50k a year', 'selected': 'Guess whether the AI model would predict the individual to earn more or less than 50k a year'}, '2': {'correct': ['-2', '-1'], 'selected': '-2'}, '3': {'correct': '-2', 'selected': '-2'}, '4': {'correct': '-1', 'selected': '1'}}",2025-02-20 13:03:28.544,2025-02-20 13:36:19.420,2025-02-20 13:06:53.294236,2025-02-20 13:33:49.295056,26.933347,3.4125039333333334,32.84793333333333
3488,participant_0105,2025-02-20 12:29:35.362671,True,"{'1': {'correct': 'Guess whether the AI model would predict the individual to earn more or less than 50k a year', 'selected': 'Guess whether the AI model would predict the individual to earn more or less than 50k a year'}, '2': {'correct': ['-2', '-1'], 'selected': '-2'}, '3': {'correct': '-2', 'selected': '-2'}, '4': {'correct': '-1', 'selected': '-1'}}",2025-02-20 12:27:37.453,2025-02-20 12:44:30.674,2025-02-20 12:30:26.219581,2025-02-20 12:41:22.683743,10.941069366666666,2.81277635,16.887016666666668
3538,participant_0046,2025-02-20 12:49:45.343625,True,"{'1': {'correct': 'Guess whether the AI model would predict the individual to earn more or less than 50k a year', 'selected': 'Guess whether the AI model would predict the individual to earn more or less than 50k a year'}, '2': {'correct': ['-2', '-1'], 'selected': '-2'}, '3': {'correct': '-2', 'selected': '-2'}, '4': {'correct': '-1', 'selected': '1'}}",2025-02-20 12:36:42.456,2025-02-20 13:02:21.857,2025-02-20 12:51:02.599144,2025-02-20 12:59:29.184929,8.443096416666666,14.335719066666666,25.656683333333334
3494,participant_0099,2025-02-20 12:30:59.769901,True,"{'1': {'correct': 'Guess whether the AI model would predict the individual to earn more or less than 50k a year', 'selected': 'Guess whether the AI model would predict the individual to earn more or less than 50k a year'}, '2': {'correct': ['-2', '-1'], 'selected': '-2'}, '3': {'correct': '-2', 'selected': '-2'}, '4': {'correct': '-1', 'selected': '3'}}",2025-02-20 12:25:45.353,2025-02-20 13:06:43.416,2025-02-20 12:32:26.416044,2025-02-20 13:00:23.040144,27.943735,6.6843840666666665,40.96771666666667
3414,participant_0103,2025-02-20 12:03:55.939816,True,"{'1': {'correct': 'Guess whether the AI model would predict the individual to earn more or less than 50k a year', 'selected': 'Guess whether the AI model would predict the individual to earn more or less than 50k a year'}, '2': {'correct': ['-2', '-1'], 'selected': '-2'}, '3': {'correct': '-2', 'selected': '-2'}, '4': {'correct': '-1', 'selected': '-3'}}",2025-02-20 11:58:22.206,2025-02-20 12:57:18.014,2025-02-20 12:06:00.315614,2025-02-20 12:51:12.943995,45.21047301666667,7.635160233333334,58.93013333333333
3525,participant_0040,2025-02-20 12:41:46.927096,True,"{'1': {'correct': 'Guess whether the AI model would predict the individual to earn more or less than 50k a year', 'selected': 'Guess whether the AI model would predict the individual to earn more or less than 50k a year'}, '2': {'correct': ['-2', '-1'], 'selected': '-2'}, '3': {'correct': '-2', 'selected': '-2'}, '4': {'correct': '-1', 'selected': '1'}}",2025-02-20 12:37:29.079,2025-02-20 13:11:30.323,2025-02-20 12:43:47.304398,2025-02-20 13:07:21.431660,23.568787699999998,6.303756633333333,34.02073333333333
3570,participant_0009,2025-02-20 13:08:57.931189,True,"{'1': {'correct': 'Guess whether the AI model would predict the individual to earn more or less than 50k a year', 'selected': 'Guess whether the AI model would predict the individual to earn more or less than 50k a year'}, '2': {'correct': ['-2', '-1'], 'selected': '-2'}, '3': {'correct': '-2', 'selected': '-2'}, '4': {'correct': '-1', 'selected': '1'}}",2025-02-20 13:07:51.613,2025-02-20 13:25:00.020,2025-02-20 13:09:33.336931,2025-02-20 13:22:16.253909,12.715282966666667,1.69539885,17.140116666666664
3567,participant_0007,2025-02-20 13:08:24.088915,True,"{'1': {'correct': 'Guess whether the AI model would predict the individual to earn more or less than 50k a year', 'selected': 'Guess whether the AI model would predict the individual to earn more or less than 50k a year'}, '2': {'correct': ['-2', '-1'], 'selected': '-2'}, '3': {'correct': '-2', 'selected': '-2'}, '4': {'correct': '-1', 'selected': '1'}}",2025-02-20 13:06:02.710,2025-02-20 13:28:17.514,2025-02-20 13:09:10.959675,2025-02-20 13:25:05.901743,15.915701133333332,3.1374945833333334,22.246733333333335
3580,participant_0106,2025-02-20 13:10:36.651605,True,"{'1': {'correct': 'Guess whether the AI model would predict the individual to earn more or less than 50k a year', 'selected': 'Guess whether the AI model would predict the individual to earn more or less than 50k a year'}, '2': {'correct': ['-2', '-1'], 'selected': '-2'}, '3': {'correct': '-2', 'selected': '-2'}, '4': {'correct': '-1', 'selected': '-2'}}",2025-02-20 13:06:55.995,2025-02-20 13:38:50.791,2025-02-20 13:11:27.828537,2025-02-20 13:31:57.296647,20.491135166666666,4.53055895,31.91326666666667
3561,participant_0008,2025-02-20 13:06:54.479719,True,"{'1': {'correct': 'Guess whether the AI model would predict the individual to earn more or less than 50k a year', 'selected': 'Guess whether the AI model would predict the individual to earn more or less than 50k a year'}, '2': {'correct': ['-2', '-1'], 'selected': '-2'}, '3': {'correct': '-2', 'selected': '-1'}, '4': {'correct': '-1', 'selected': '2'}}",2025-02-20 13:04:53.987,2025-02-20 13:24:20.208,2025-02-20 13:07:42.284515,2025-02-20 13:19:51.535552,12.15418395,2.8049585833333333,19.43701666666667
3562,participant_0014,2025-02-20 13:07:06.506514,True,"{'1': {'correct': 'Guess whether the AI model would predict the individual to earn more or less than 50k a year', 'selected': 'Guess whether the AI model would predict the individual to earn more or less than 50k a year'}, '2': {'correct': ['-2', '-1'], 'selected': '-2'}, '3': {'correct': '-2', 'selected': '-2'}, '4': {'correct': '-1', 'selected': '-3'}}",2025-02-20 13:04:43.675,2025-02-20 13:27:32.064,2025-02-20 13:08:11.131397,2025-02-20 13:23:16.033691,15.0817049,3.457606616666667,22.806483333333333
3565,participant_0102,2025-02-20 13:07:51.686321,True,"{'1': {'correct': 'Guess whether the AI model would predict the individual to earn more or less than 50k a year', 'selected': 'Guess whether the AI model would predict the individual to earn more or less than 50k a year'}, '2': {'correct': ['-2', '-1'], 'selected': '-2'}, '3': {'correct': '-2', 'selected': '-2'}, '4': {'correct': '-1', 'selected': '0'}}",2025-02-20 13:06:20.159,2025-02-20 13:24:07.981,2025-02-20 13:08:22.763634,2025-02-20 13:21:16.944071,12.903007283333332,2.0434105666666667,17.79703333333333
3579,participant_0112,2025-02-20 13:10:28.785134,True,"{'1': {'correct': 'Guess whether the AI model would predict the individual to earn more or less than 50k a year', 'selected': 'Guess whether the AI model would predict the individual to earn more or less than 50k a year'}, '2': {'correct': ['-2', '-1'], 'selected': '-2'}, '3': {'correct': '-2', 'selected': '-2'}, '4': {'correct': '-1', 'selected': '2'}}",2025-02-20 13:07:03.281,2025-02-20 13:50:38.829,2025-02-20 13:11:51.976364,2025-02-20 13:39:16.389252,27.40688146666667,4.8115894,43.59246666666666
3586,participant_0092,2025-02-20 13:11:15.847226,True,"{'1': {'correct': 'Guess whether the AI model would predict the individual to earn more or less than 50k a year', 'selected': 'Guess whether the AI model would predict the individual to earn more or less than 50k a year'}, '2': {'correct': ['-2', '-1'], 'selected': '-2'}, '3': {'correct': '-2', 'selected': '-2'}, '4': {'correct': '-1', 'selected': '1'}}",2025-02-20 13:09:26.165,2025-02-20 13:43:40.041,2025-02-20 13:12:01.811156,2025-02-20 13:40:25.911840,28.401678066666666,2.5941026,34.23126666666667
3592,participant_0002,2025-02-20 13:13:43.476575,True,"{'1': {'correct': 'Guess whether the AI model would predict the individual to earn more or less than 50k a year', 'selected': 'Guess whether the AI model would predict the individual to earn more or less than 50k a year'}, '2': {'correct': ['-2', '-1'], 'selected': '-2'}, '3': {'correct': '-2', 'selected': '-2'}, '4': {'correct': '-1', 'selected': '-1'}}",2025-02-20 13:08:23.818,2025-02-20 13:49:37.172,2025-02-20 13:15:53.327436,2025-02-20 13:43:38.853795,27.75877265,7.491823933333333,41.222566666666665
3568,participant_0062,2025-02-20 13:08:45.581636,True,"{'1': {'correct': 'Guess whether the AI model would predict the individual to earn more or less than 50k a year', 'selected': 'Guess whether the AI model would predict the individual to earn more or less than 50k a year'}, '2': {'correct': ['-2', '-1'], 'selected': '-2'}, '3': {'correct': '-2', 'selected': '-2'}, '4': {'correct': '-1', 'selected': '0'}}",2025-02-20 13:06:54.827,2025-02-20 13:18:36.603,2025-02-20 13:09:47.273249,2025-02-20 13:17:06.626819,7.3225595,2.87410415,11.696266666666666
3590,participant_0039,2025-02-20 13:12:32.159994,True,"{'1': {'correct': 'Guess whether the AI model would predict the individual to earn more or less than 50k a year', 'selected': 'Guess whether the AI model would predict the individual to earn more or less than 50k a year'}, '2': {'correct': ['-2', '-1'], 'selected': '1'}, '3': {'correct': '-2', 'selected': '-2'}, '4': {'correct': '-1', 'selected': '3'}}",2025-02-20 13:06:16.686,2025-02-20 13:51:46.646,2025-02-20 13:17:32.743479,2025-02-20 13:45:25.827495,27.8847336,11.267624649999998,45.49933333333333
3638,participant_0064,2025-02-20 13:40:20.334470,True,"{'1': {'correct': 'Guess whether the AI model would predict the individual to earn more or less than 50k a year', 'selected': 'Guess whether the AI model would predict the individual to earn more or less than 50k a year'}, '2': {'correct': ['-2', '-1'], 'selected': '-2'}, '3': {'correct': '-2', 'selected': '-2'}, '4': {'correct': '-1', 'selected': '2'}}",2025-02-20 13:36:53.458,2025-02-20 14:06:36.331,2025-02-20 13:42:27.813004,2025-02-20 14:02:10.146213,19.705553483333333,5.5725834,29.71455
3630,participant_0035,2025-02-20 13:37:51.020865,False,"{'1': {'correct': 'Guess whether the AI model would predict the individual to earn more or less than 50k a year', 'selected': 'Guess whether the AI model would predict the individual to earn more or less than 50k a year'}, '2': {'correct': ['-2', '-1'], 'selected': '-2'}, '3': {'correct': '-2', 'selected': '-2'}}",2025-02-20 13:36:20.524,2025-02-20 13:55:47.151,2025-02-20 13:38:56.104726,2025-02-20 13:52:30.094424,13.566494966666665,2.5930121,19.443783333333332
3623,participant_0100,2025-02-20 13:29:53.944993,True,"{'1': {'correct': 'Guess whether the AI model would predict the individual to earn more or less than 50k a year', 'selected': 'Guess whether the AI model would predict the individual to earn more or less than 50k a year'}, '2': {'correct': ['-2', '-1'], 'selected': '-2'}, '3': {'correct': '-2', 'selected': '-2'}, '4': {'correct': '-1', 'selected': '2'}}",2025-02-20 13:16:40.863,2025-02-20 14:35:56.052,2025-02-20 13:37:01.677830,2025-02-20 14:30:08.056356,53.106308766666665,20.346913833333335,79.25315
3588,participant_0047,2025-02-20 13:11:21.496177,True,"{'1': {'correct': 'Guess whether the AI model would predict the individual to earn more or less than 50k a year', 'selected': 'Guess whether the AI model would predict the individual to earn more or less than 50k a year'}, '2': {'correct': ['-2', '-1'], 'selected': '-2'}, '3': {'correct': '-2', 'selected': '-2'}, '4': {'correct': '-1', 'selected': '0'}}",2025-02-20 13:08:21.175,2025-02-20 13:38:43.024,2025-02-20 13:15:34.987500,2025-02-20 13:35:24.241219,19.820895316666668,7.230208333333334,30.36415
3646,participant_0111,2025-02-20 13:42:12.230643,True,"{'1': {'correct': 'Guess whether the AI model would predict the individual to earn more or less than 50k a year', 'selected': 'Guess whether the AI model would predict the individual to earn more or less than 50k a year'}, '2': {'correct': ['-2', '-1'], 'selected': '-2'}, '3': {'correct': '-2', 'selected': '-2'}, '4': {'correct': '-1', 'selected': '-1'}}",2025-02-20 13:38:59.741,2025-02-20 14:11:17.875,2025-02-20 13:43:35.345567,2025-02-20 14:06:54.451219,23.31842753333333,4.593409449999999,32.302233333333334
3628,participant_0060,2025-02-20 13:37:25.073393,True,"{'1': {'correct': 'Guess whether the AI model would predict the individual to earn more or less than 50k a year', 'selected': 'Guess whether the AI model would predict the individual to earn more or less than 50k a year'}, '2': {'correct': ['-2', '-1'], 'selected': '-2'}, '3': {'correct': '-2', 'selected': '-2'}, '4': {'correct': '-1', 'selected': '-3'}}",2025-02-20 13:36:13.311,2025-02-20 13:50:50.903,2025-02-20 13:38:04.456998,2025-02-20 13:47:50.495369,9.767306183333334,1.8524333000000002,14.626533333333333
3663,participant_0084,2025-02-20 13:48:16.214361,True,"{'1': {'correct': 'Guess whether the AI model would predict the individual to earn more or less than 50k a year', 'selected': 'Guess whether the AI model would predict the individual to earn more or less than 50k a year'}, '2': {'correct': ['-2', '-1'], 'selected': '-1'}, '3': {'correct': '-2', 'selected': '2'}, '4': {'correct': '-1', 'selected': '2'}}",,,2025-02-20 13:51:02.390405,2025-02-20 15:08:18.839220,77.27414691666667,,
3680,participant_0093,2025-02-20 13:50:58.901285,True,"{'1': {'correct': 'Guess whether the AI model would predict the individual to earn more or less than 50k a year', 'selected': 'Guess whether the AI model would predict the individual to earn more or less than 50k a year'}, '2': {'correct': ['-2', '-1'], 'selected': '-2'}, '3': {'correct': '-2', 'selected': '-2'}, '4': {'correct': '-1', 'selected': '1'}}",2025-02-20 13:40:56.129,2025-02-20 14:35:49.833,2025-02-20 13:52:27.859538,2025-02-20 14:30:18.471553,37.84353358333333,11.5288423,54.89506666666667
3658,participant_0090,2025-02-20 13:45:32.550004,True,"{'1': {'correct': 'Guess whether the AI model would predict the individual to earn more or less than 50k a year', 'selected': 'Guess whether the AI model would predict the individual to earn more or less than 50k a year'}, '2': {'correct': ['-2', '-1'], 'selected': '-2'}, '3': {'correct': '-2', 'selected': '-2'}, '4': {'correct': '-1', 'selected': '-1'}}",2025-02-20 13:38:28.519,2025-02-20 14:08:01.117,2025-02-20 13:46:33.645144,2025-02-20 14:03:31.935700,16.97150926666667,8.085435733333334,29.5433
3571,participant_0097,2025-02-20 13:09:07.227006,True,"{'1': {'correct': 'Guess whether the AI model would predict the individual to earn more or less than 50k a year', 'selected': 'Guess whether the AI model would predict the individual to earn more or less than 50k a year'}, '2': {'correct': ['-2', '-1'], 'selected': '-2'}, '3': {'correct': '-2', 'selected': '-2'}, '4': {'correct': '-1', 'selected': '1'}}",2025-02-20 13:02:39.417,2025-02-20 13:42:27.998,2025-02-20 13:10:41.473814,2025-02-20 13:37:03.898945,26.373752183333334,8.034280233333332,39.80968333333333
3667,participant_0004,2025-02-20 13:48:43.463159,True,"{'1': {'correct': 'Guess whether the AI model would predict the individual to earn more or less than 50k a year', 'selected': 'Guess whether the AI model would predict the individual to earn more or less than 50k a year'}, '2': {'correct': ['-2', '-1'], 'selected': '-2'}, '3': {'correct': '-2', 'selected': '-2'}, '4': {'correct': '-1', 'selected': '1'}}",2025-02-20 13:42:28.219,2025-02-20 14:21:03.852,2025-02-20 13:49:48.733813,2025-02-20 14:16:53.349384,27.076926183333335,7.34191355,38.59388333333333
3649,participant_0012,2025-02-20 13:43:04.354553,True,"{'1': {'correct': 'Guess whether the AI model would predict the individual to earn more or less than 50k a year', 'selected': 'Guess whether the AI model would predict the individual to earn more or less than 50k a year'}, '2': {'correct': ['-2', '-1'], 'selected': '-2'}, '3': {'correct': '-2', 'selected': '-2'}, '4': {'correct': '-1', 'selected': '-1'}}",2025-02-20 13:39:45.197,2025-02-20 14:08:15.874,2025-02-20 13:47:10.805001,2025-02-20 14:04:01.945139,16.852335633333333,7.426800016666666,28.51128333333333
3653,participant_0038,2025-02-20 13:44:40.938028,True,"{'1': {'correct': 'Guess whether the AI model would predict the individual to earn more or less than 50k a year', 'selected': 'Guess whether the AI model would predict the individual to earn more or less than 50k a year'}, '2': {'correct': ['-2', '-1'], 'selected': '-2'}, '3': {'correct': '-2', 'selected': '-2'}, '4': {'correct': '-1', 'selected': '1'}}",2025-02-20 13:40:58.827,2025-02-20 14:11:06.643,2025-02-20 13:46:01.588726,2025-02-20 14:06:54.351024,20.879371633333335,5.046028766666667,30.130266666666667
3668,participant_0028,2025-02-20 13:48:48.333750,True,"{'1': {'correct': 'Guess whether the AI model would predict the individual to earn more or less than 50k a year', 'selected': 'Guess whether the AI model would predict the individual to earn more or less than 50k a year'}, '2': {'correct': ['-2', '-1'], 'selected': '-2'}, '3': {'correct': '-2', 'selected': '-2'}, '4': {'correct': '-1', 'selected': '0'}}",2025-02-20 13:46:08.218,2025-02-20 14:11:30.762,2025-02-20 13:49:40.521329,2025-02-20 14:07:17.431490,17.61516935,3.5383888166666666,25.375733333333336
3647,participant_0065,2025-02-20 13:42:16.856577,True,"{'1': {'correct': 'Guess whether the AI model would predict the individual to earn more or less than 50k a year', 'selected': 'Guess whether the AI model would predict the individual to earn more or less than 50k a year'}, '2': {'correct': ['-2', '-1'], 'selected': '-2'}, '3': {'correct': '-2', 'selected': '-2'}, '4': {'correct': '-1', 'selected': '3'}}",2025-02-20 13:37:39.407,2025-02-20 14:26:10.924,2025-02-20 13:43:58.388026,2025-02-20 14:19:30.262867,35.531247349999994,6.316350433333333,48.52528333333333
3656,participant_0074,2025-02-20 13:45:00.049888,True,"{'1': {'correct': 'Guess whether the AI model would predict the individual to earn more or less than 50k a year', 'selected': 'Guess whether the AI model would predict the individual to earn more or less than 50k a year'}, '2': {'correct': ['-2', '-1'], 'selected': '-2'}, '3': {'correct': '-2', 'selected': '-2'}, '4': {'correct': '-1', 'selected': '1'}}",2025-02-20 13:39:25.366,2025-02-20 14:11:59.488,2025-02-20 13:46:17.476329,2025-02-20 14:07:19.526688,21.034172650000002,6.868505483333333,32.5687
3631,participant_0056,2025-02-20 13:37:56.686372,True,"{'1': {'correct': 'Guess whether the AI model would predict the individual to earn more or less than 50k a year', 'selected': 'Guess whether the AI model would predict the individual to earn more or less than 50k a year'}, '2': {'correct': ['-2', '-1'], 'selected': '-2'}, '3': {'correct': '-2', 'selected': '-2'}, '4': {'correct': '-1', 'selected': '0'}}",2025-02-20 13:36:32.188,2025-02-20 13:50:04.854,2025-02-20 13:38:28.008116,2025-02-20 13:48:09.778299,9.696169716666667,1.9303352666666667,13.544433333333334
3635,participant_0020,2025-02-20 13:38:42.431490,True,"{'1': {'correct': 'Guess whether the AI model would predict the individual to earn more or less than 50k a year', 'selected': 'Guess whether the AI model would predict the individual to earn more or less than 50k a year'}, '2': {'correct': ['-2', '-1'], 'selected': '-2'}, '3': {'correct': '-2', 'selected': '-2'}, '4': {'correct': '-1', 'selected': '-1'}}",2025-02-20 13:36:34.640,2025-02-20 14:01:43.906,2025-02-20 13:39:24.513633,2025-02-20 13:56:31.470800,17.115952783333334,2.831227216666667,25.154433333333333
3701,participant_0080,2025-02-20 14:07:49.399207,True,"{'1': {'correct': 'Guess whether the AI model would predict the individual to earn more or less than 50k a year', 'selected': 'Guess whether the AI model would predict the individual to earn more or less than 50k a year'}, '2': {'correct': ['-2', '-1'], 'selected': '-2'}, '3': {'correct': '-2', 'selected': '-2'}, '4': {'correct': '-1', 'selected': '3'}}",2025-02-20 13:36:36.641,2025-02-20 14:28:22.066,2025-02-20 14:08:51.020787,2025-02-20 14:24:09.335458,15.305244516666667,32.23966311666667,51.757083333333334
3716,participant_0061,2025-02-20 14:33:34.300456,True,"{'1': {'correct': 'Guess whether the AI model would predict the individual to earn more or less than 50k a year', 'selected': 'Guess whether the AI model would predict the individual to earn more or less than 50k a year'}, '2': {'correct': ['-2', '-1'], 'selected': '-2'}, '3': {'correct': '-2', 'selected': '-2'}, '4': {'correct': '-1', 'selected': '1'}}",2025-02-20 14:32:39.207,2025-02-20 14:45:50.873,2025-02-20 14:33:59.487351,2025-02-20 14:42:34.174332,8.578116349999998,1.3380058499999998,13.194433333333334
3722,participant_0083,2025-02-20 14:38:54.003145,True,"{'1': {'correct': 'Guess whether the AI model would predict the individual to earn more or less than 50k a year', 'selected': 'Guess whether the AI model would predict the individual to earn more or less than 50k a year'}, '2': {'correct': ['-2', '-1'], 'selected': '-2'}, '3': {'correct': '-2', 'selected': '-2'}, '4': {'correct': '-1', 'selected': '2'}}",2025-02-20 14:34:56.333,2025-02-20 14:58:08.696,2025-02-20 14:40:22.772265,2025-02-20 14:54:26.619069,14.0641134,5.440654416666666,23.20605
3741,participant_0045,2025-02-20 14:47:29.662899,True,"{'1': {'correct': 'Guess whether the AI model would predict the individual to earn more or less than 50k a year', 'selected': 'Guess whether the AI model would predict the individual to earn more or less than 50k a year'}, '2': {'correct': ['-2', '-1'], 'selected': '0'}, '3': {'correct': '-2', 'selected': '-2'}, '4': {'correct': '-1', 'selected': '0'}}",2025-02-20 14:43:36.260,2025-02-20 15:20:40.707,2025-02-20 14:48:48.622891,2025-02-20 15:13:08.884358,24.33769111666667,5.206048183333333,37.07411666666667
3723,participant_0091,2025-02-20 14:39:00.518224,True,"{'1': {'correct': 'Guess whether the AI model would predict the individual to earn more or less than 50k a year', 'selected': 'Guess whether the AI model would predict the individual to earn more or less than 50k a year'}, '2': {'correct': ['-2', '-1'], 'selected': '-2'}, '3': {'correct': '-2', 'selected': '-2'}, '4': {'correct': '-1', 'selected': '0'}}",2025-02-20 14:37:30.340,2025-02-20 14:49:48.702,2025-02-20 14:39:37.600172,2025-02-20 14:48:02.863355,8.421053050000001,2.1210028666666667,12.306033333333334
3768,participant_0066,2025-02-20 15:01:13.144865,True,"{'1': {'correct': 'Guess whether the AI model would predict the individual to earn more or less than 50k a year', 'selected': 'Guess whether the AI model would predict the individual to earn more or less than 50k a year'}, '2': {'correct': ['-2', '-1'], 'selected': '-2'}, '3': {'correct': '-2', 'selected': '-2'}, '4': {'correct': '-1', 'selected': '2'}}",2025-02-20 14:59:15.315,2025-02-20 15:15:25.961,2025-02-20 15:02:08.300365,2025-02-20 15:13:30.586932,11.371442783333332,2.8830894166666665,16.177433333333333
3735,participant_0110,2025-02-20 14:45:36.174855,True,"{'1': {'correct': 'Guess whether the AI model would predict the individual to earn more or less than 50k a year', 'selected': 'Guess whether the AI model would predict the individual to earn more or less than 50k a year'}, '2': {'correct': ['-2', '-1'], 'selected': '-2'}, '3': {'correct': '-2', 'selected': '-2'}, '4': {'correct': '-1', 'selected': '-1'}}",2025-02-20 14:43:52.663,2025-02-20 14:56:02.691,2025-02-20 14:46:14.932547,2025-02-20 14:54:15.834117,8.015026166666667,2.3711591166666666,12.167133333333334
3766,participant_0089,2025-02-20 15:00:41.367193,True,"{'1': {'correct': 'Guess whether the AI model would predict the individual to earn more or less than 50k a year', 'selected': 'Guess whether the AI model would predict the individual to earn more or less than 50k a year'}, '2': {'correct': ['-2', '-1'], 'selected': '-2'}, '3': {'correct': '-2', 'selected': '-2'}, '4': {'correct': '-1', 'selected': '1'}}",2025-02-20 14:57:10.562,2025-02-20 15:23:26.991,2025-02-20 15:01:15.813018,2025-02-20 15:18:47.844545,17.533858783333336,4.087516966666667,26.27381666666667
3727,participant_0054,2025-02-20 14:40:25.086601,True,"{'1': {'correct': 'Guess whether the AI model would predict the individual to earn more or less than 50k a year', 'selected': 'Guess whether the AI model would predict the individual to earn more or less than 50k a year'}, '2': {'correct': ['-2', '-1'], 'selected': '-2'}, '3': {'correct': '-2', 'selected': '-2'}, '4': {'correct': '-1', 'selected': '2'}}",2025-02-20 14:39:08.574,2025-02-20 14:56:33.694,2025-02-20 14:40:47.918708,2025-02-20 14:54:05.105673,13.286449416666667,1.6557451333333333,17.418666666666663
3745,participant_0114,2025-02-20 14:49:01.867678,True,"{'1': {'correct': 'Guess whether the AI model would predict the individual to earn more or less than 50k a year', 'selected': 'Guess whether the AI model would predict the individual to earn more or less than 50k a year'}, '2': {'correct': ['-2', '-1'], 'selected': '-2'}, '3': {'correct': '-2', 'selected': '-2'}, '4': {'correct': '-1', 'selected': '-1'}}",2025-02-20 14:41:09.675,2025-02-20 15:24:18.697,2025-02-20 14:51:57.266166,2025-02-20 15:20:32.741158,28.591249866666665,10.793186100000002,43.15036666666666
3744,participant_0036,2025-02-20 14:48:53.004517,True,"{'1': {'correct': 'Guess whether the AI model would predict the individual to earn more or less than 50k a year', 'selected': 'Guess whether the AI model would predict the individual to earn more or less than 50k a year'}, '2': {'correct': ['-2', '-1'], 'selected': '-2'}, '3': {'correct': '-2', 'selected': '-2'}, '4': {'correct': '-1', 'selected': '-3'}}",2025-02-20 14:46:44.079,2025-02-20 15:10:23.618,2025-02-20 14:49:44.033139,2025-02-20 15:05:22.918042,15.648081716666667,2.99923565,23.65898333333333
3764,participant_0037,2025-02-20 14:59:49.985335,False,"{'1': {'correct': 'Guess whether the AI model would predict the individual to earn more or less than 50k a year', 'selected': 'Guess whether the AI model would predict the individual to earn more or less than 50k a year'}, '2': {'correct': ['-2', '-1'], 'selected': '-2'}}",2025-02-20 14:43:59.434,2025-02-20 15:19:22.350,2025-02-20 15:03:53.378411,2025-02-20 15:18:57.113937,15.062258766666668,19.899073516666665,35.381933333333336
3778,participant_0053,2025-02-20 15:08:51.992527,True,"{'1': {'correct': 'Guess whether the AI model would predict the individual to earn more or less than 50k a year', 'selected': 'Guess whether the AI model would predict the individual to earn more or less than 50k a year'}, '2': {'correct': ['-2', '-1'], 'selected': '-2'}, '3': {'correct': '-2', 'selected': '-2'}, '4': {'correct': '-1', 'selected': '3'}}",2025-02-20 15:07:13.691,2025-02-20 15:33:39.428,2025-02-20 15:10:04.930441,2025-02-20 15:28:17.730119,18.213327966666668,2.8539906833333335,26.42895
3797,participant_0005,2025-02-20 15:25:56.668047,True,"{'1': {'correct': 'Guess whether the AI model would predict the individual to earn more or less than 50k a year', 'selected': 'Guess whether the AI model would predict the individual to earn more or less than 50k a year'}, '2': {'correct': ['-2', '-1'], 'selected': '-2'}, '3': {'correct': '-2', 'selected': '-2'}, '4': {'correct': '-1', 'selected': '2'}}",2025-02-20 15:20:42.492,2025-02-20 15:52:31.518,2025-02-20 15:26:49.693715,2025-02-20 15:48:28.150661,21.6409491,6.120028583333333,31.8171
3787,participant_0096,2025-02-20 15:18:15.137418,True,"{'1': {'correct': 'Guess whether the AI model would predict the individual to earn more or less than 50k a year', 'selected': 'Guess whether the AI model would predict the individual to earn more or less than 50k a year'}, '2': {'correct': ['-2', '-1'], 'selected': '-2'}, '3': {'correct': '-2', 'selected': '-2'}, '4': {'correct': '-1', 'selected': '0'}}",2025-02-20 15:15:32.443,2025-02-20 15:38:45.702,2025-02-20 15:19:12.745857,2025-02-20 15:34:26.762916,15.233617650000001,3.671714283333333,23.220983333333333
3802,participant_0033,2025-02-20 15:29:42.181001,True,"{'1': {'correct': 'Guess whether the AI model would predict the individual to earn more or less than 50k a year', 'selected': 'Guess whether the AI model would predict the individual to earn more or less than 50k a year'}, '2': {'correct': ['-2', '-1'], 'selected': '-2'}, '3': {'correct': '-2', 'selected': '-2'}, '4': {'correct': '-1', 'selected': '1'}}",2025-02-20 15:26:02.604,2025-02-20 15:44:15.776,2025-02-20 15:30:50.760983,2025-02-20 15:40:57.431600,10.111176949999999,4.8026163833333335,18.219533333333334
3827,participant_0079,2025-02-20 15:55:22.600405,True,"{'1': {'correct': 'Guess whether the AI model would predict the individual to earn more or less than 50k a year', 'selected': 'Guess whether the AI model would predict the individual to earn more or less than 50k a year'}, '2': {'correct': ['-2', '-1'], 'selected': '-2'}, '3': {'correct': '-2', 'selected': '-2'}, '4': {'correct': '-1', 'selected': '0'}}",2025-02-20 15:52:45.048,2025-02-20 16:17:23.083,2025-02-20 15:56:16.093997,2025-02-20 16:14:05.803508,17.82849185,3.5174332833333333,24.633916666666668
3805,participant_0031,2025-02-20 15:31:32.386558,True,"{'1': {'correct': 'Guess whether the AI model would predict the individual to earn more or less than 50k a year', 'selected': 'Guess whether the AI model would predict the individual to earn more or less than 50k a year'}, '2': {'correct': ['-2', '-1'], 'selected': '1'}, '3': {'correct': '-2', 'selected': '-2'}, '4': {'correct': '-1', 'selected': '1'}}",2025-02-20 15:25:52.296,2025-02-20 16:22:46.799,2025-02-20 15:48:08.688650,2025-02-20 16:19:03.464714,30.912934399999997,22.273210833333334,56.90838333333333
3820,participant_0034,2025-02-20 15:47:40.274635,True,"{'1': {'correct': 'Guess whether the AI model would predict the individual to earn more or less than 50k a year', 'selected': 'Guess whether the AI model would predict the individual to earn more or less than 50k a year'}, '2': {'correct': ['-2', '-1'], 'selected': '-2'}, '3': {'correct': '-2', 'selected': '-2'}, '4': {'correct': '-1', 'selected': '1'}}",2025-02-20 15:45:41.069,2025-02-20 16:15:12.812,2025-02-20 15:50:48.055013,2025-02-20 15:59:03.374858,8.25533075,5.11643355,29.529049999999998
3816,participant_0087,2025-02-20 15:44:28.643235,True,"{'1': {'correct': 'Guess whether the AI model would predict the individual to earn more or less than 50k a year', 'selected': 'Guess whether the AI model would predict the individual to earn more or less than 50k a year'}, '2': {'correct': ['-2', '-1'], 'selected': '-2'}, '3': {'correct': '-2', 'selected': '-2'}, '4': {'correct': '-1', 'selected': '2'}}",2025-02-20 15:34:00.729,2025-02-20 16:19:23.457,2025-02-20 15:46:31.273082,2025-02-20 16:12:49.362365,26.30148805,12.509068033333334,45.3788
3365,participant_0032,2025-02-20 10:15:26.191148,True,"{'1': {'correct': 'Guess whether the AI model would predict the individual to earn more or less than 50k a year', 'selected': 'Guess whether the AI model would predict the individual to earn more or less than 50k a year'}, '2': {'correct': ['-2', '-1'], 'selected': '-2'}, '3': {'correct': '-2', 'selected': '-2'}, '4': {'correct': '-1', 'selected': '0'}}",2025-02-20 10:14:04.230,2025-02-20 10:33:14.707,2025-02-20 10:16:10.818745,2025-02-20 10:30:13.006280,14.036458916666668,2.1098124166666667,19.17461666666667
3366,participant_0018,2025-02-20 10:15:31.648207,True,"{'1': {'correct': 'Guess whether the AI model would predict the individual to earn more or less than 50k a year', 'selected': 'Guess whether the AI model would predict the individual to earn more or less than 50k a year'}, '2': {'correct': ['-2', '-1'], 'selected': '-2'}, '3': {'correct': '-2', 'selected': '-2'}, '4': {'correct': '-1', 'selected': '0'}}",2025-02-20 10:13:38.188,2025-02-20 10:34:03.681,2025-02-20 10:16:25.500407,2025-02-20 10:30:22.068794,13.94280645,2.788540116666667,20.424883333333334
3809,participant_0016,2025-02-20 15:35:13.942641,True,"{'1': {'correct': 'Guess whether the AI model would predict the individual to earn more or less than 50k a year', 'selected': 'Guess whether the AI model would predict the individual to earn more or less than 50k a year'}, '2': {'correct': ['-2', '-1'], 'selected': '-2'}, '3': {'correct': '-2', 'selected': '-2'}, '4': {'correct': '-1', 'selected': '1'}}",2025-02-20 15:24:03.377,2025-02-20 16:10:40.154,2025-02-20 15:37:40.736457,2025-02-20 16:03:39.287943,25.9758581,13.622657616666666,46.61295
3375,participant_0025,2025-02-20 10:26:20.288985,True,"{'1': {'correct': 'Guess whether the AI model would predict the individual to earn more or less than 50k a year', 'selected': 'Guess whether the AI model would predict the individual to earn more or less than 50k a year'}, '2': {'correct': ['-2', '-1'], 'selected': '-2'}, '3': {'correct': '-2', 'selected': '-2'}, '4': {'correct': '-1', 'selected': '-1'}}",2025-02-20 10:21:51.599,2025-02-20 10:56:18.157,2025-02-20 10:36:45.534640,2025-02-20 10:52:20.015544,15.574681733333334,14.898927333333335,34.44263333333333
3372,participant_0026,2025-02-20 10:23:03.104671,True,"{'1': {'correct': 'Guess whether the AI model would predict the individual to earn more or less than 50k a year', 'selected': 'Guess whether the AI model would predict the individual to earn more or less than 50k a year'}, '2': {'correct': ['-2', '-1'], 'selected': '-2'}, '3': {'correct': '-2', 'selected': '-2'}, '4': {'correct': '-1', 'selected': '0'}}",2025-02-20 10:20:29.372,2025-02-20 10:42:01.630,2025-02-20 10:23:58.133051,2025-02-20 10:39:45.768612,15.793926016666667,3.4793508500000003,21.537633333333336
3830,participant_0117,2025-02-20 15:56:26.423658,True,"{'1': {'correct': 'Guess whether the AI model would predict the individual to earn more or less than 50k a year', 'selected': 'Guess whether the AI model would predict the individual to earn more or less than 50k a year'}, '2': {'correct': ['-2', '-1'], 'selected': '-2'}, '3': {'correct': '-2', 'selected': '-2'}, '4': {'correct': '-1', 'selected': '3'}}",2025-02-20 15:11:53.663,2025-02-20 16:22:40.143,2025-02-20 15:57:02.728158,2025-02-20 16:19:04.415583,22.028123750000002,45.15108596666666,70.77466666666666
3391,participant_0044,2025-02-20 11:00:14.041919,True,"{'1': {'correct': 'Guess whether the AI model would predict the individual to earn more or less than 50k a year', 'selected': 'Guess whether the AI model would predict the individual to earn more or less than 50k a year'}, '2': {'correct': ['-2', '-1'], 'selected': '-2'}, '3': {'correct': '-2', 'selected': '-2'}, '4': {'correct': '-1', 'selected': '2'}}",2025-02-20 10:28:16.737,2025-02-20 11:18:55.462,2025-02-20 11:01:17.597795,2025-02-20 11:15:20.937555,14.055662666666667,33.014346583333335,50.64541666666666
3794,participant_0098,2025-02-20 15:24:17.511657,True,"{'1': {'correct': 'Guess whether the AI model would predict the individual to earn more or less than 50k a year', 'selected': 'Guess whether the AI model would predict the individual to earn more or less than 50k a year'}, '2': {'correct': ['-2', '-1'], 'selected': '-2'}, '3': {'correct': '-2', 'selected': '-2'}, '4': {'correct': '-1', 'selected': '2'}}",2025-02-20 15:20:41.930,2025-02-20 16:05:58.390,2025-02-20 15:26:15.204482,2025-02-20 16:03:13.211126,36.9667774,5.5545747,45.27433333333333
3377,participant_0021,2025-02-20 10:27:34.020973,True,"{'1': {'correct': 'Guess whether the AI model would predict the individual to earn more or less than 50k a year', 'selected': 'Guess whether the AI model would predict the individual to earn more or less than 50k a year'}, '2': {'correct': ['-2', '-1'], 'selected': '-2'}, '3': {'correct': '-2', 'selected': '-2'}, '4': {'correct': '-1', 'selected': '0'}}",2025-02-20 10:22:52.079,2025-02-20 10:49:53.616,2025-02-20 10:29:15.666881,2025-02-20 10:42:04.833154,12.819437883333334,6.39313135,27.025616666666668
3835,participant_0063,2025-02-20 15:59:50.827695,True,"{'1': {'correct': 'Guess whether the AI model would predict the individual to earn more or less than 50k a year', 'selected': 'Guess whether the AI model would predict the individual to earn more or less than 50k a year'}, '2': {'correct': ['-2', '-1'], 'selected': '-2'}, '3': {'correct': '-2', 'selected': '-2'}, '4': {'correct': '-1', 'selected': '3'}}",2025-02-20 15:39:15.538,2025-02-20 16:52:33.604,2025-02-20 16:20:08.476031,2025-02-20 16:49:14.095260,29.093653816666667,40.88230051666667,73.30109999999999
3848,participant_0108,2025-02-20 16:19:05.592646,True,"{'1': {'correct': 'Guess whether the AI model would predict the individual to earn more or less than 50k a year', 'selected': 'Guess whether the AI model would predict the individual to earn more or less than 50k a year'}, '2': {'correct': ['-2', '-1'], 'selected': '-2'}, '3': {'correct': '-2', 'selected': '-2'}, '4': {'correct': '-1', 'selected': '-1'}}",2025-02-20 16:15:27.259,2025-02-20 16:42:35.606,2025-02-20 16:20:30.668152,2025-02-20 16:37:43.855000,17.219780800000002,5.0568192000000005,27.139116666666666
3844,participant_0104,2025-02-20 16:15:59.508260,True,"{'1': {'correct': 'Guess whether the AI model would predict the individual to earn more or less than 50k a year', 'selected': 'Guess whether the AI model would predict the individual to earn more or less than 50k a year'}, '2': {'correct': ['-2', '-1'], 'selected': '-2'}, '3': {'correct': '-2', 'selected': '-2'}, '4': {'correct': '-1', 'selected': '-1'}}",2025-02-20 16:06:24.684,2025-02-20 16:38:28.733,2025-02-20 16:17:40.733209,2025-02-20 16:33:04.915096,15.403031449999999,11.267486816666667,32.067483333333335
3432,participant_0003,2025-02-20 12:12:24.868931,True,"{'1': {'correct': 'Guess whether the AI model would predict the individual to earn more or less than 50k a year', 'selected': 'Guess whether the AI model would predict the individual to earn more or less than 50k a year'}, '2': {'correct': ['-2', '-1'], 'selected': '-2'}, '3': {'correct': '-2', 'selected': '-2'}, '4': {'correct': '-1', 'selected': '0'}}",2025-02-20 12:08:38.651,2025-02-20 12:37:28.434,2025-02-20 12:13:26.643990,2025-02-20 12:33:09.024108,19.7063353,4.799883166666667,28.829716666666666
3403,participant_0088,2025-02-20 11:57:37.963043,True,"{'1': {'correct': 'Guess whether the AI model would predict the individual to earn more or less than 50k a year', 'selected': 'Guess whether the AI model would predict the individual to earn more or less than 50k a year'}, '2': {'correct': ['-2', '-1'], 'selected': '-2'}, '3': {'correct': '-2', 'selected': '-2'}, '4': {'correct': '-1', 'selected': '-2'}}",2025-02-20 11:55:11.793,2025-02-20 12:13:29.468,2025-02-20 11:58:49.523007,2025-02-20 12:11:02.733427,12.220173666666666,3.62883345,18.294583333333332
3433,participant_0081,2025-02-20 12:12:26.180746,True,"{'1': {'correct': 'Guess whether the AI model would predict the individual to earn more or less than 50k a year', 'selected': 'Guess whether the AI model would predict the individual to earn more or less than 50k a year'}, '2': {'correct': ['-2', '-1'], 'selected': '-2'}, '3': {'correct': '-2', 'selected': '-2'}, '4': {'correct': '-1', 'selected': '0'}}",2025-02-20 12:04:16.424,2025-02-20 13:19:01.275,2025-02-20 12:13:29.078259,2025-02-20 13:16:22.971417,62.8982193,9.210904316666667,74.74751666666666
3408,participant_0050,2025-02-20 11:59:42.350133,True,"{'1': {'correct': 'Guess whether the AI model would predict the individual to earn more or less than 50k a year', 'selected': 'Guess whether the AI model would predict the individual to earn more or less than 50k a year'}, '2': {'correct': ['-2', '-1'], 'selected': '-2'}, '3': {'correct': '-2', 'selected': '-2'}, '4': {'correct': '-1', 'selected': '0'}}",2025-02-20 11:57:38.285,2025-02-20 12:15:30.320,2025-02-20 12:01:06.217097,2025-02-20 12:13:08.347417,12.035505333333333,3.46553495,17.867250000000002
3397,participant_0006,2025-02-20 11:53:36.324149,True,"{'1': {'correct': 'Guess whether the AI model would predict the individual to earn more or less than 50k a year', 'selected': 'Guess whether the AI model would predict the individual to earn more or less than 50k a year'}, '2': {'correct': ['-2', '-1'], 'selected': '-2'}, '3': {'correct': '-2', 'selected': '-2'}, '4': {'correct': '-1', 'selected': '0'}}",2025-02-20 11:51:28.095,2025-02-20 12:12:48.168,2025-02-20 11:54:23.322645,2025-02-20 12:08:40.073347,14.279178366666667,2.9204607499999997,21.33455
3430,participant_0051,2025-02-20 12:11:46.166289,True,"{'1': {'correct': 'Guess whether the AI model would predict the individual to earn more or less than 50k a year', 'selected': 'Guess whether the AI model would predict the individual to earn more or less than 50k a year'}, '2': {'correct': ['-2', '-1'], 'selected': '-2'}, '3': {'correct': '-2', 'selected': '-2'}, '4': {'correct': '-1', 'selected': '1'}}",2025-02-20 11:56:24.722,2025-02-20 13:06:10.413,2025-02-20 12:16:16.938715,2025-02-20 12:59:10.490009,42.892521566666666,19.870278583333334,69.76151666666667
3401,participant_0115,2025-02-20 11:56:59.121870,True,"{'1': {'correct': 'Guess whether the AI model would predict the individual to earn more or less than 50k a year', 'selected': 'Guess whether the AI model would predict the individual to earn more or less than 50k a year'}, '2': {'correct': ['-2', '-1'], 'selected': '-2'}, '3': {'correct': '-2', 'selected': '-2'}, '4': {'correct': '-1', 'selected': '0'}}",2025-02-20 11:51:24.923,2025-02-20 13:15:04.292,2025-02-20 11:59:08.319745,2025-02-20 13:07:06.300318,67.96634288333333,7.723279083333334,83.65615
3396,participant_0069,2025-02-20 11:52:39.864349,True,"{'1': {'correct': 'Guess whether the AI model would predict the individual to earn more or less than 50k a year', 'selected': 'Guess whether the AI model would predict the individual to earn more or less than 50k a year'}, '2': {'correct': ['-2', '-1'], 'selected': '-2'}, '3': {'correct': '-2', 'selected': '-2'}, '4': {'correct': '-1', 'selected': '3'}}",2025-02-20 11:49:34.488,2025-02-20 12:26:29.074,2025-02-20 11:54:40.693424,2025-02-20 12:21:16.322182,26.593812633333336,5.103423733333333,36.90976666666666
3402,participant_0058,2025-02-20 11:57:21.532459,True,"{'1': {'correct': 'Guess whether the AI model would predict the individual to earn more or less than 50k a year', 'selected': 'Guess whether the AI model would predict the individual to earn more or less than 50k a year'}, '2': {'correct': ['-2', '-1'], 'selected': '-2'}, '3': {'correct': '-2', 'selected': '-2'}, '4': {'correct': '-1', 'selected': '1'}}",2025-02-20 11:55:49.873,2025-02-20 12:12:52.853,2025-02-20 11:58:24.226064,2025-02-20 12:10:22.384590,11.969308766666668,2.5725510666666667,17.049666666666667
3422,participant_0030,2025-02-20 12:06:51.008133,True,"{'1': {'correct': 'Guess whether the AI model would predict the individual to earn more or less than 50k a year', 'selected': 'Guess whether the AI model would predict the individual to earn more or less than 50k a year'}, '2': {'correct': ['-2', '-1'], 'selected': '-2'}, '3': {'correct': '-2', 'selected': '-2'}, '4': {'correct': '-1', 'selected': '0'}}",2025-02-20 12:04:16.188,2025-02-20 12:33:08.624,2025-02-20 12:07:58.280405,2025-02-20 12:28:57.853664,20.99288765,3.7015400833333336,28.873933333333333
3437,participant_0107,2025-02-20 12:12:50.156678,True,"{'1': {'correct': 'Guess whether the AI model would predict the individual to earn more or less than 50k a year', 'selected': 'Guess whether the AI model would predict the individual to earn more or less than 50k a year'}, '2': {'correct': ['-2', '-1'], 'selected': '-2'}, '3': {'correct': '-2', 'selected': '-2'}, '4': {'correct': '-1', 'selected': '-2'}}",2025-02-20 12:08:44.924,2025-02-20 12:40:54.773,2025-02-20 12:13:57.746638,2025-02-20 12:36:32.585718,22.580651333333332,5.213710633333333,32.16415
3446,participant_0029,2025-02-20 12:14:22.582593,False,"{'1': {'correct': 'Guess whether the AI model would predict the individual to earn more or less than 50k a year', 'selected': 'Guess whether the AI model would predict the individual to earn more or less than 50k a year'}, '2': {'correct': ['-2', '-1'], 'selected': '-2'}, '3': {'correct': '-2', 'selected': '-2'}}",,,2025-02-20 12:20:22.775184,2025-02-20 12:55:14.845047,34.86783105,,
3463,participant_0067,2025-02-20 12:21:42.370610,False,"{'1': {'correct': 'Guess whether the AI model would predict the individual to earn more or less than 50k a year', 'selected': ""Predict the individual's actual salary based on their attributes""}}",,,,,,,
3483,participant_0086,2025-02-20 12:27:59.090234,True,"{'1': {'correct': 'Guess whether the AI model would predict the individual to earn more or less than 50k a year', 'selected': 'Guess whether the AI model would predict the individual to earn more or less than 50k a year'}, '2': {'correct': ['-2', '-1'], 'selected': '-2'}, '3': {'correct': '-2', 'selected': '-2'}, '4': {'correct': '-1', 'selected': '2'}}",2025-02-20 12:13:02.629,2025-02-20 13:00:46.097,2025-02-20 12:28:20.248020,2025-02-20 12:59:40.889092,31.344017866666665,15.293650333333334,47.724466666666665
3464,participant_0118,2025-02-20 12:22:14.953758,True,"{'1': {'correct': 'Guess whether the AI model would predict the individual to earn more or less than 50k a year', 'selected': 'Guess whether the AI model would predict the individual to earn more or less than 50k a year'}, '2': {'correct': ['-2', '-1'], 'selected': '-2'}, '3': {'correct': '-2', 'selected': '-2'}, '4': {'correct': '-1', 'selected': '1'}}",2025-02-20 12:18:55.706,2025-02-20 12:43:28.186,2025-02-20 12:24:05.708425,2025-02-20 12:40:05.805870,16.001624083333333,5.166707083333334,24.541333333333334
3860,participant_0109,2025-02-20 16:38:55.260207,True,"{'1': {'correct': 'Guess whether the AI model would predict the individual to earn more or less than 50k a year', 'selected': 'Guess whether the AI model would predict the individual to earn more or less than 50k a year'}, '2': {'correct': ['-2', '-1'], 'selected': '-2'}, '3': {'correct': '-2', 'selected': '-2'}, '4': {'correct': '-1', 'selected': '3'}}",2025-02-20 16:33:19.867,2025-02-20 17:26:08.433,2025-02-20 16:40:43.761858,2025-02-20 17:15:37.095451,34.888893216666666,7.398247633333333,52.80943333333333
3468,participant_0017,2025-02-20 12:23:23.955218,True,"{'1': {'correct': 'Guess whether the AI model would predict the individual to earn more or less than 50k a year', 'selected': 'Guess whether the AI model would predict the individual to earn more or less than 50k a year'}, '2': {'correct': ['-2', '-1'], 'selected': '-2'}, '3': {'correct': '-2', 'selected': '-2'}, '4': {'correct': '-1', 'selected': '0'}}",2025-02-20 12:15:36.290,2025-02-20 12:36:25.676,2025-02-20 12:24:01.463589,2025-02-20 12:33:20.336236,9.314544116666667,8.419559816666666,20.8231
3451,participant_0073,2025-02-20 12:16:01.268890,True,"{'1': {'correct': 'Guess whether the AI model would predict the individual to earn more or less than 50k a year', 'selected': 'Guess whether the AI model would predict the individual to earn more or less than 50k a year'}, '2': {'correct': ['-2', '-1'], 'selected': '-2'}, '3': {'correct': '-2', 'selected': '-2'}, '4': {'correct': '-1', 'selected': '0'}}",2025-02-20 12:12:30.394,2025-02-20 12:33:33.136,2025-02-20 12:16:54.807213,2025-02-20 12:30:06.456373,13.194152666666668,4.406886883333333,21.0457
3429,participant_0052,2025-02-20 12:11:44.658073,True,"{'1': {'correct': 'Guess whether the AI model would predict the individual to earn more or less than 50k a year', 'selected': 'Guess whether the AI model would predict the individual to earn more or less than 50k a year'}, '2': {'correct': ['-2', '-1'], 'selected': '-2'}, '3': {'correct': '-2', 'selected': '-2'}, '4': {'correct': '-1', 'selected': '1'}}",2025-02-20 12:09:18.381,2025-02-20 12:33:39.359,2025-02-20 12:12:36.142128,2025-02-20 12:23:26.185237,10.834051816666666,3.2960188,24.349633333333333
3454,participant_0024,2025-02-20 12:16:37.446712,True,"{'1': {'correct': 'Guess whether the AI model would predict the individual to earn more or less than 50k a year', 'selected': 'Guess whether the AI model would predict the individual to earn more or less than 50k a year'}, '2': {'correct': ['-2', '-1'], 'selected': '-2'}, '3': {'correct': '-2', 'selected': '-2'}, '4': {'correct': '-1', 'selected': '2'}}",2025-02-20 12:14:18.771,2025-02-20 12:39:42.884,2025-02-20 12:17:30.779788,2025-02-20 12:36:04.363889,18.559735016666664,3.200146466666667,25.401883333333334
3413,participant_0085,2025-02-20 12:03:18.137156,True,"{'1': {'correct': 'Guess whether the AI model would predict the individual to earn more or less than 50k a year', 'selected': 'Guess whether the AI model would predict the individual to earn more or less than 50k a year'}, '2': {'correct': ['-2', '-1'], 'selected': '-2'}, '3': {'correct': '-2', 'selected': '-2'}, '4': {'correct': '-1', 'selected': '2'}}",2025-02-20 12:01:06.308,2025-02-20 12:14:53.590,2025-02-20 12:04:21.420747,2025-02-20 12:12:53.561598,8.53568085,3.2518791166666667,13.788033333333335
3465,participant_0023,2025-02-20 12:22:33.330492,True,"{'1': {'correct': 'Guess whether the AI model would predict the individual to earn more or less than 50k a year', 'selected': 'Guess whether the AI model would predict the individual to earn more or less than 50k a year'}, '2': {'correct': ['-2', '-1'], 'selected': '-2'}, '3': {'correct': '-2', 'selected': '-2'}, '4': {'correct': '-1', 'selected': '0'}}",2025-02-20 12:17:25.406,2025-02-20 12:47:02.630,2025-02-20 12:23:49.174707,2025-02-20 12:43:24.439048,19.587739016666667,6.396145116666667,29.6204
3474,participant_0077,2025-02-20 12:24:44.615868,True,"{'1': {'correct': 'Guess whether the AI model would predict the individual to earn more or less than 50k a year', 'selected': 'Guess whether the AI model would predict the individual to earn more or less than 50k a year'}, '2': {'correct': ['-2', '-1'], 'selected': '-2'}, '3': {'correct': '-2', 'selected': '-2'}, '4': {'correct': '-1', 'selected': '3'}}",2025-02-20 12:01:49.672,2025-02-20 12:57:01.944,2025-02-20 12:26:04.109927,2025-02-20 12:44:42.201996,18.634867816666667,24.240632116666667,55.20453333333333
3868,participant_0015,2025-02-20 17:17:46.840504,True,"{'1': {'correct': 'Guess whether the AI model would predict the individual to earn more or less than 50k a year', 'selected': 'Guess whether the AI model would predict the individual to earn more or less than 50k a year'}, '2': {'correct': ['-2', '-1'], 'selected': '-2'}, '3': {'correct': '-2', 'selected': '-2'}, '4': {'correct': '-1', 'selected': '1'}}",2025-02-20 16:10:40.979,2025-02-20 17:36:22.161,2025-02-20 17:19:37.240672,2025-02-20 17:48:03.459191,28.43697531666667,68.93769453333333,85.68636666666666
4735,participant_0071,2025-02-25 09:20:44.764002,True,"{'1': {'correct': 'Guess whether the AI model would predict the individual to earn more or less than 50k a year', 'selected': 'Guess whether the AI model would predict the individual to earn more or less than 50k a year'}, '2': {'correct': ['-2', '-1'], 'selected': '-2'}, '3': {'correct': '-2', 'selected': '-2'}, '4': {'correct': '-1', 'selected': '-2'}}",2025-02-25 09:16:28.125,2025-02-25 09:51:52.333,2025-02-25 09:21:57.593435,2025-02-25 09:47:46.029043,25.807260133333333,5.491140583333333,35.40346666666667
4722,participant_0072,2025-02-25 09:15:39.314063,True,"{'1': {'correct': 'Guess whether the AI model would predict the individual to earn more or less than 50k a year', 'selected': 'Guess whether the AI model would predict the individual to earn more or less than 50k a year'}, '2': {'correct': ['-2', '-1'], 'selected': '-2'}, '3': {'correct': '-2', 'selected': '-2'}, '4': {'correct': '-1', 'selected': '0'}}",2025-02-25 09:13:42.816,2025-02-25 09:34:54.136,2025-02-25 09:16:22.014721,2025-02-25 09:29:14.096713,12.868033200000001,2.653312016666667,21.188666666666666
4726,participant_0042,2025-02-25 09:17:13.219317,True,"{'1': {'correct': 'Guess whether the AI model would predict the individual to earn more or less than 50k a year', 'selected': 'Guess whether the AI model would predict the individual to earn more or less than 50k a year'}, '2': {'correct': ['-2', '-1'], 'selected': '-2'}, '3': {'correct': '-2', 'selected': '-2'}, '4': {'correct': '-1', 'selected': '1'}}",2025-02-25 09:15:08.596,2025-02-25 09:36:22.357,2025-02-25 09:18:13.869560,2025-02-25 09:31:40.309945,13.440673083333333,3.087892666666667,21.22935
4717,participant_0076,2025-02-25 09:12:19.007363,True,"{'1': {'correct': 'Guess whether the AI model would predict the individual to earn more or less than 50k a year', 'selected': 'Guess whether the AI model would predict the individual to earn more or less than 50k a year'}, '2': {'correct': ['-2', '-1'], 'selected': '-2'}, '3': {'correct': '-2', 'selected': '-2'}, '4': {'correct': '-1', 'selected': '-1'}}",2025-02-25 09:09:11.809,2025-02-25 09:30:12.082,2025-02-25 09:13:02.570842,2025-02-25 09:26:32.598789,13.500465783333334,3.8460307,21.00455
4739,participant_0068,2025-02-25 09:23:14.645022,False,"{'1': {'correct': 'Guess whether the AI model would predict the individual to earn more or less than 50k a year', 'selected': 'Guess whether the AI model would predict the individual to earn more or less than 50k a year'}, '2': {'correct': ['-2', '-1'], 'selected': '-2'}}",,,2025-02-25 09:26:15.727758,2025-02-25 09:39:19.614599,13.064780683333334,,
4759,participant_0013,2025-02-25 09:36:43.602051,True,"{'1': {'correct': 'Guess whether the AI model would predict the individual to earn more or less than 50k a year', 'selected': 'Guess whether the AI model would predict the individual to earn more or less than 50k a year'}, '2': {'correct': ['-2', '-1'], 'selected': '-2'}, '3': {'correct': '-2', 'selected': '-2'}, '4': {'correct': '-1', 'selected': '-1'}}",2025-02-25 09:35:00.700,2025-02-25 09:46:55.418,2025-02-25 09:37:16.775652,2025-02-25 09:45:14.649545,7.964564883333334,2.2679275333333333,11.911966666666666
4711,participant_0101,2025-02-25 09:06:29.095921,True,"{'1': {'correct': 'Guess whether the AI model would predict the individual to earn more or less than 50k a year', 'selected': 'Guess whether the AI model would predict the individual to earn more or less than 50k a year'}, '2': {'correct': ['-2', '-1'], 'selected': '-2'}, '3': {'correct': '-2', 'selected': '-2'}, '4': {'correct': '-1', 'selected': '1'}}",2025-02-25 09:04:03.037,2025-02-25 09:31:45.187,2025-02-25 09:07:11.624134,2025-02-25 09:28:15.914673,21.071508983333334,3.1431188999999997,27.7025
4709,participant_0049,2025-02-25 09:03:37.333224,True,"{'1': {'correct': 'Guess whether the AI model would predict the individual to earn more or less than 50k a year', 'selected': 'Guess whether the AI model would predict the individual to earn more or less than 50k a year'}, '2': {'correct': ['-2', '-1'], 'selected': '-2'}, '3': {'correct': '-2', 'selected': '-2'}, '4': {'correct': '-1', 'selected': '2'}}",2025-02-25 08:59:12.601,2025-02-25 09:24:39.206,2025-02-25 09:04:44.172111,2025-02-25 09:22:01.691030,17.291981983333336,5.526185183333333,25.443416666666668
4728,participant_0116,2025-02-25 09:17:49.849282,True,"{'1': {'correct': 'Guess whether the AI model would predict the individual to earn more or less than 50k a year', 'selected': 'Guess whether the AI model would predict the individual to earn more or less than 50k a year'}, '2': {'correct': ['-2', '-1'], 'selected': '-2'}, '3': {'correct': '-2', 'selected': '-2'}, '4': {'correct': '-1', 'selected': '0'}}",2025-02-25 09:15:28.327,2025-02-25 09:34:43.146,2025-02-25 09:18:12.922409,2025-02-25 09:31:46.026453,13.551734066666667,2.7432568166666664,19.246983333333333
4760,participant_0082,2025-02-25 09:36:53.083236,True,"{'1': {'correct': 'Guess whether the AI model would predict the individual to earn more or less than 50k a year', 'selected': 'Guess whether the AI model would predict the individual to earn more or less than 50k a year'}, '2': {'correct': ['-2', '-1'], 'selected': '-2'}, '3': {'correct': '-2', 'selected': '-2'}, '4': {'correct': '-1', 'selected': '-1'}}",2025-02-25 09:32:44.196,2025-02-25 09:54:06.943,2025-02-25 09:38:54.398221,2025-02-25 09:50:55.058218,12.01099995,6.170037016666667,21.37911666666667
4714,participant_0022,2025-02-25 09:09:12.301656,True,"{'1': {'correct': 'Guess whether the AI model would predict the individual to earn more or less than 50k a year', 'selected': 'Guess whether the AI model would predict the individual to earn more or less than 50k a year'}, '2': {'correct': ['-2', '-1'], 'selected': '-2'}, '3': {'correct': '-2', 'selected': '-2'}, '4': {'correct': '-1', 'selected': '2'}}",2025-02-25 09:05:03.566,2025-02-25 09:43:11.046,2025-02-25 09:11:01.428398,2025-02-25 09:39:19.014969,28.293109516666668,5.9643733,38.12466666666667
4754,participant_0027,2025-02-25 09:34:24.575557,True,"{'1': {'correct': 'Guess whether the AI model would predict the individual to earn more or less than 50k a year', 'selected': 'Guess whether the AI model would predict the individual to earn more or less than 50k a year'}, '2': {'correct': ['-2', '-1'], 'selected': '-2'}, '3': {'correct': '-2', 'selected': '-2'}, '4': {'correct': '-1', 'selected': '1'}}",2025-02-25 09:30:45.485,2025-02-25 09:56:35.099,2025-02-25 09:35:19.925054,2025-02-25 09:52:27.770632,17.130759633333334,4.5740009,25.826900000000002
4768,participant_0095,2025-02-25 09:39:57.691472,True,"{'1': {'correct': 'Guess whether the AI model would predict the individual to earn more or less than 50k a year', 'selected': 'Guess whether the AI model would predict the individual to earn more or less than 50k a year'}, '2': {'correct': ['-2', '-1'], 'selected': '-2'}, '3': {'correct': '-2', 'selected': '-2'}, '4': {'correct': '-1', 'selected': '0'}}",2025-02-25 09:37:11.828,2025-02-25 10:03:35.076,2025-02-25 09:40:58.025747,2025-02-25 09:56:57.111928,15.984769683333333,3.76996245,26.38746666666667
4763,participant_0070,2025-02-25 09:37:49.129889,True,"{'1': {'correct': 'Guess whether the AI model would predict the individual to earn more or less than 50k a year', 'selected': 'Guess whether the AI model would predict the individual to earn more or less than 50k a year'}, '2': {'correct': ['-2', '-1'], 'selected': '-2'}, '3': {'correct': '-2', 'selected': '-2'}, '4': {'correct': '-1', 'selected': '0'}}",2025-02-25 09:35:18.356,2025-02-25 09:57:13.095,2025-02-25 09:38:39.165580,2025-02-25 09:52:59.859163,14.34489305,3.3468263333333335,21.912316666666666
4723,participant_0048,2025-02-25 09:15:44.453578,True,"{'1': {'correct': 'Guess whether the AI model would predict the individual to earn more or less than 50k a year', 'selected': 'Guess whether the AI model would predict the individual to earn more or less than 50k a year'}, '2': {'correct': ['-2', '-1'], 'selected': '-2'}, '3': {'correct': '-2', 'selected': '-2'}, '4': {'correct': '-1', 'selected': '-1'}}",2025-02-25 09:13:20.505,2025-02-25 09:42:42.775,2025-02-25 09:16:35.722691,2025-02-25 09:36:04.711998,19.48315511666667,3.2536281833333334,29.371166666666667
4750,participant_0057,2025-02-25 09:30:34.093924,True,"{'1': {'correct': 'Guess whether the AI model would predict the individual to earn more or less than 50k a year', 'selected': 'Guess whether the AI model would predict the individual to earn more or less than 50k a year'}, '2': {'correct': ['-2', '-1'], 'selected': '-2'}, '3': {'correct': '-2', 'selected': '-2'}, '4': {'correct': '-1', 'selected': '0'}}",2025-02-25 09:28:19.743,2025-02-25 09:55:07.985,2025-02-25 09:31:44.455864,2025-02-25 09:50:41.984530,18.9588111,3.4118810666666666,26.804033333333333
4780,participant_0055,2025-02-25 09:47:26.007686,True,"{'1': {'correct': 'Guess whether the AI model would predict the individual to earn more or less than 50k a year', 'selected': 'Guess whether the AI model would predict the individual to earn more or less than 50k a year'}, '2': {'correct': ['-2', '-1'], 'selected': '-2'}, '3': {'correct': '-2', 'selected': '-2'}, '4': {'correct': '-1', 'selected': '-1'}}",2025-02-25 09:45:07.729,2025-02-25 10:03:22.991,2025-02-25 09:48:09.661267,2025-02-25 10:00:15.581372,12.098668416666667,3.03220445,18.254366666666666
4781,participant_0019,2025-02-25 09:47:28.398725,True,"{'1': {'correct': 'Guess whether the AI model would predict the individual to earn more or less than 50k a year', 'selected': 'Guess whether the AI model would predict the individual to earn more or less than 50k a year'}, '2': {'correct': ['-2', '-1'], 'selected': '-2'}, '3': {'correct': '-2', 'selected': '-2'}, '4': {'correct': '-1', 'selected': '0'}}",2025-02-25 09:41:36.828,2025-02-25 10:31:39.816,2025-02-25 09:49:17.137023,2025-02-25 10:24:28.076914,35.182331516666665,7.6718170500000005,50.0498
8508,participant_0078,2025-08-28 14:26:56.266042,True,"{'1': {'correct': 'Guess, whether the machine learning model would predict the individual as having diabetes or not.', 'selected': 'Guess, whether the machine learning model would predict the individual as having diabetes or not.'}, '2': {'correct': ['-2', '-1'], 'selected': '-2'}, '3': {'correct': '-2', 'selected': '-2'}, '4': {'correct': '-2', 'selected': '-3'}}",,,2025-08-28 14:27:39.105638,2025-08-28 14:44:54.306649,17.253350183333335,,
