Status,Started at,Completed at,Reviewed at,Archived at,Time taken,Total approvals,Age,Sex,Ethnicity simplified,Country of birth,Country of residence,Nationality,Language,Student status,Employment status,source_file
RETURNED,2025-02-24T10:12:11.021000Z,,,2025-02-24T21:46:24.970549Z,,515,CONSENT_REVOKED,CONSENT_REVOKED,CONSENT_REVOKED,CONSENT_REVOKED,CONSENT_REVOKED,CONSENT_REVOKED,CONSENT_REVOKED,CONSENT_REVOKED,CONSENT_REVOKED,prolific_export_67bc420cf2eef3d0f2274dd2.csv
RETURNED,2025-02-24T10:20:50.589000Z,,,2025-02-24T21:46:24.971490Z,,2006,CONSENT_REVOKED,CONSENT_REVOKED,CONSENT_REVOKED,CONSENT_REVOKED,CONSENT_REVOKED,CONSENT_REVOKED,CONSENT_REVOKED,CONSENT_REVOKED,CONSENT_REVOKED,prolific_export_67bc420cf2eef3d0f2274dd2.csv
RETURNED,2025-02-24T10:28:03.705000Z,,,2025-02-24T21:46:24.974166Z,,18,CONSENT_REVOKED,CONSENT_REVOKED,CONSENT_REVOKED,CONSENT_REVOKED,CONSENT_REVOKED,CONSENT_REVOKED,CONSENT_REVOKED,CONSENT_REVOKED,CONSENT_REVOKED,prolific_export_67bc420cf2eef3d0f2274dd2.csv
RETURNED,2025-02-24T10:28:57.281000Z,,,2025-02-24T21:46:24.976388Z,,519,CONSENT_REVOKED,CONSENT_REVOKED,CONSENT_REVOKED,CONSENT_REVOKED,CONSENT_REVOKED,CONSENT_REVOKED,CONSENT_REVOKED,CONSENT_REVOKED,CONSENT_REVOKED,prolific_export_67bc420cf2eef3d0f2274dd2.csv
APPROVED,2025-02-24T11:24:46.800000Z,2025-02-24T12:10:01.888000Z,2025-02-24T12:10:02.869000Z,2025-02-24T12:10:02.749678Z,2716.0,6,54,Male,White,United States,United States,United States,English,DATA_EXPIRED,DATA_EXPIRED,prolific_export_67bc420cf2eef3d0f2274dd2.csv
APPROVED,2025-02-24T11:26:46.452000Z,2025-02-24T12:15:24.910000Z,2025-02-24T12:15:34.271000Z,2025-02-24T12:15:25.610534Z,2919.0,1834,46,Female,White,United Kingdom,United Kingdom,United Kingdom,English,No,Full-Time,prolific_export_67bc420cf2eef3d0f2274dd2.csv
APPROVED,2025-02-24T12:12:18.129000Z,2025-02-24T12:37:31.027000Z,2025-02-24T12:37:31.810000Z,2025-02-24T12:37:31.736833Z,1513.0,390,65,Male,White,United Kingdom,United Kingdom,United Kingdom,English,No,"Not in paid work (e.g. homemaker', 'retired or disabled)",prolific_export_67bc420cf2eef3d0f2274dd2.csv
APPROVED,2025-02-24T12:15:53.920000Z,2025-02-24T12:32:22.095000Z,2025-02-24T12:32:22.975000Z,2025-02-24T12:32:22.848964Z,989.0,287,28,Female,White,United Kingdom,United Kingdom,United Kingdom,English,No,Full-Time,prolific_export_67bc420cf2eef3d0f2274dd2.csv
APPROVED,2025-02-24T12:32:22.256000Z,2025-02-24T12:58:21.235000Z,2025-02-24T12:58:22.071000Z,2025-02-24T12:58:21.985143Z,1559.0,295,39,Male,White,United States,United States,United States,English,DATA_EXPIRED,Full-Time,prolific_export_67bc420cf2eef3d0f2274dd2.csv
APPROVED,2025-02-24T12:37:46.192000Z,2025-02-24T13:25:57.074000Z,2025-02-24T13:25:57.912000Z,2025-02-24T13:25:57.837126Z,2891.0,82,60,Female,White,United Kingdom,United Kingdom,United Kingdom,English,No,Part-Time,prolific_export_67bc420cf2eef3d0f2274dd2.csv
APPROVED,2025-02-24T12:58:22.404000Z,2025-02-24T13:45:26.804000Z,2025-02-24T13:45:29.235000Z,2025-02-24T13:45:27.717582Z,2825.0,470,39,Male,White,United States,United States,United States,English,DATA_EXPIRED,Full-Time,prolific_export_67bc420cf2eef3d0f2274dd2.csv
APPROVED,2025-02-24T13:27:21.933000Z,2025-02-24T14:27:24.999000Z,2025-02-24T14:27:25.782000Z,2025-02-24T14:27:25.689117Z,3604.0,309,24,Male,Mixed,United Kingdom,United Kingdom,United Kingdom,English,No,Full-Time,prolific_export_67bc420cf2eef3d0f2274dd2.csv
APPROVED,2025-02-24T13:52:38.166000Z,2025-02-24T15:15:05.241000Z,2025-02-24T15:15:08.132000Z,2025-02-24T15:15:16.283838Z,4948.0,917,29,Male,Asian,United States,United States,United States,English,DATA_EXPIRED,DATA_EXPIRED,prolific_export_67bc420cf2eef3d0f2274dd2.csv
APPROVED,2025-02-24T14:27:54.585000Z,2025-02-24T15:08:34.755000Z,2025-02-24T15:08:35.638000Z,2025-02-24T15:08:35.515658Z,2441.0,61,19,Female,Asian,Philippines,United Kingdom,Philippines,English,Yes,Other,prolific_export_67bc420cf2eef3d0f2274dd2.csv
APPROVED,2025-02-24T15:08:34.905000Z,2025-02-24T15:49:54.438000Z,2025-02-24T15:49:58.861000Z,2025-02-24T15:49:58.693981Z,2480.0,140,30,Male,Black,United Kingdom,United Kingdom,DATA_EXPIRED,English,DATA_EXPIRED,DATA_EXPIRED,prolific_export_67bc420cf2eef3d0f2274dd2.csv
APPROVED,2025-02-24T15:15:47.483000Z,2025-02-24T15:41:39.886000Z,2025-02-24T15:41:41.111000Z,2025-02-24T15:41:40.978564Z,1553.0,382,39,Female,White,United Kingdom,United Kingdom,United Kingdom,English,No,Full-Time,prolific_export_67bc420cf2eef3d0f2274dd2.csv
APPROVED,2025-02-24T15:42:37.222000Z,2025-02-24T16:33:44.068000Z,2025-02-24T16:33:45.285000Z,2025-02-24T16:33:45.125435Z,3067.0,585,48,Male,White,United States,United States,United States,English,No,Full-Time,prolific_export_67bc420cf2eef3d0f2274dd2.csv
APPROVED,2025-02-24T15:50:17.443000Z,2025-02-24T16:44:37.877000Z,2025-02-24T16:44:39.152000Z,2025-02-24T16:44:38.985941Z,3261.0,763,52,Female,White,United Kingdom,United Kingdom,United Kingdom,English,No,"Not in paid work (e.g. homemaker', 'retired or disabled)",prolific_export_67bc420cf2eef3d0f2274dd2.csv
APPROVED,2025-02-24T16:33:55.125000Z,2025-02-24T17:03:33.299000Z,2025-02-24T17:03:36.784000Z,2025-02-24T17:03:34.242120Z,1779.0,377,44,Male,White,United States,United States,United States,English,DATA_EXPIRED,Full-Time,prolific_export_67bc420cf2eef3d0f2274dd2.csv
APPROVED,2025-02-24T16:44:46.796000Z,2025-02-24T17:38:45.331000Z,2025-02-24T17:38:46.365000Z,2025-02-24T17:38:46.271749Z,3239.0,337,32,Female,Black,United States,United States,United States,English,DATA_EXPIRED,Full-Time,prolific_export_67bc420cf2eef3d0f2274dd2.csv
APPROVED,2025-02-24T17:03:33.549000Z,2025-02-24T18:25:09.306000Z,2025-02-24T18:25:13.929000Z,2025-02-24T18:25:10.200152Z,4896.0,442,38,Male,Black,United States,United States,United States,English,No,Full-Time,prolific_export_67bc420cf2eef3d0f2274dd2.csv
APPROVED,2025-02-24T17:38:45.393000Z,2025-02-24T18:07:28.819000Z,2025-02-24T18:07:30.798000Z,2025-02-24T18:07:29.699819Z,1724.0,225,60,Male,White,United States,United States,United States,English,DATA_EXPIRED,Full-Time,prolific_export_67bc420cf2eef3d0f2274dd2.csv
APPROVED,2025-02-24T18:07:29.121000Z,2025-02-24T18:36:31.653000Z,2025-02-24T18:36:40.483000Z,2025-02-24T18:36:32.718818Z,1743.0,341,20,Male,White,United States,United States,United States,English,DATA_EXPIRED,Full-Time,prolific_export_67bc420cf2eef3d0f2274dd2.csv
APPROVED,2025-02-24T18:25:48.514000Z,2025-02-24T21:37:00.932000Z,2025-02-24T21:37:02.425000Z,2025-02-24T21:37:02.835083Z,11473.0,243,26,Female,White,United Kingdom,United Kingdom,United Kingdom,English,No,Full-Time,prolific_export_67bc420cf2eef3d0f2274dd2.csv
APPROVED,2025-02-24T18:36:31.672000Z,2025-02-24T19:05:39.432000Z,2025-02-24T19:05:43.211000Z,2025-02-24T19:05:40.321059Z,1748.0,1236,45,Female,DATA_EXPIRED,United States,United States,United States,English,DATA_EXPIRED,Part-Time,prolific_export_67bc420cf2eef3d0f2274dd2.csv
APPROVED,2025-02-24T19:05:39.932000Z,2025-02-24T20:30:41.847000Z,2025-02-24T21:53:25.878000Z,2025-02-24T20:32:26.253662Z,5102.0,4412,33,Male,White,United Kingdom,United Kingdom,United Kingdom,English,No,Full-Time,prolific_export_67bc420cf2eef3d0f2274dd2.csv
APPROVED,2025-02-24T19:52:52.143000Z,2025-02-24T21:08:43.168000Z,2025-02-24T21:08:44.241000Z,2025-02-24T21:08:44.086363Z,4552.0,1834,41,Female,White,United States,United States,United States,English,DATA_EXPIRED,DATA_EXPIRED,prolific_export_67bc420cf2eef3d0f2274dd2.csv
APPROVED,2025-02-24T20:30:42.330000Z,2025-02-24T20:57:28.296000Z,2025-02-24T20:57:29.226000Z,2025-02-24T20:57:29.104928Z,1606.0,123,37,Male,White,United Kingdom,United Kingdom,United Kingdom,English,Yes,Full-Time,prolific_export_67bc420cf2eef3d0f2274dd2.csv
APPROVED,2025-02-24T20:57:28.440000Z,2025-02-24T22:11:10.099000Z,2025-02-24T22:11:13.667000Z,2025-02-24T22:11:10.874295Z,4422.0,213,58,Male,White,United States,United States,United States,English,No,Full-Time,prolific_export_67bc420cf2eef3d0f2274dd2.csv
APPROVED,2025-02-24T21:08:43.566000Z,2025-02-24T21:24:58.068000Z,2025-02-24T21:25:17.270000Z,2025-02-24T21:24:58.906627Z,975.0,281,41,Male,White,United States,United States,United States,English,DATA_EXPIRED,Full-Time,prolific_export_67bc420cf2eef3d0f2274dd2.csv
APPROVED,2025-02-24T21:24:58.120000Z,2025-02-24T22:39:18.402000Z,2025-02-24T22:39:19.540000Z,2025-02-24T22:39:19.404470Z,4461.0,5048,37,Male,Mixed,United States,United States,United States,English,No,Unemployed (and job seeking),prolific_export_67bc420cf2eef3d0f2274dd2.csv
APPROVED,2025-02-24T22:14:52.373000Z,2025-02-24T22:59:11.326000Z,2025-02-24T22:59:14.001000Z,2025-02-24T22:59:12.323555Z,2659.0,494,36,Male,Black,Germany,United Kingdom,Canada,English,No,Full-Time,prolific_export_67bc420cf2eef3d0f2274dd2.csv
APPROVED,2025-02-24T22:39:18.524000Z,2025-02-24T23:38:13.084000Z,2025-02-24T23:38:14.742000Z,2025-02-24T23:38:13.875776Z,3535.0,232,22,Male,White,United States,United States,United States,English,No,Full-Time,prolific_export_67bc420cf2eef3d0f2274dd2.csv
APPROVED,2025-02-24T22:59:11.352000Z,2025-02-24T23:05:21.079000Z,2025-03-05T17:05:14.456000Z,2025-02-24T23:05:22.869765Z,370.0,936,62,Male,White,United States,United States,United States,English,Yes,Full-Time,prolific_export_67bc420cf2eef3d0f2274dd2.csv
APPROVED,2025-02-24T23:05:21.395000Z,2025-02-25T00:23:49.027000Z,2025-02-25T00:23:52.167000Z,2025-02-25T00:23:49.820244Z,4708.0,1679,80,Male,White,United States,United States,United States,English,No,DATA_EXPIRED,prolific_export_67bc420cf2eef3d0f2274dd2.csv
APPROVED,2025-02-24T23:46:24.929000Z,2025-02-25T00:40:15.936000Z,2025-02-25T00:40:17.333000Z,2025-02-25T00:40:17.249625Z,3232.0,1289,49,Male,White,United States,United States,DATA_EXPIRED,English,No,Full-Time,prolific_export_67bc420cf2eef3d0f2274dd2.csv
APPROVED,2025-02-25T00:24:02.917000Z,2025-02-25T01:01:14.744000Z,2025-02-25T01:01:16.113000Z,2025-02-25T01:01:16.028756Z,2232.0,160,28,Female,Black,United States,United States,United States,English,No,Full-Time,prolific_export_67bc420cf2eef3d0f2274dd2.csv
APPROVED,2025-02-25T00:42:59.870000Z,2025-02-25T01:45:09.619000Z,2025-02-25T01:45:10.504000Z,2025-02-25T01:45:10.442294Z,3730.0,120,23,Female,White,United States,United States,United States,English,No,Full-Time,prolific_export_67bc420cf2eef3d0f2274dd2.csv
APPROVED,2025-02-25T01:01:31.962000Z,2025-02-25T01:33:12.258000Z,2025-02-25T01:33:15.396000Z,2025-02-25T01:33:13.445006Z,1901.0,1501,35,Female,White,United States,United States,United States,English,No,"Not in paid work (e.g. homemaker', 'retired or disabled)",prolific_export_67bc420cf2eef3d0f2274dd2.csv
APPROVED,2025-02-25T01:35:46.533000Z,2025-02-25T02:26:59.843000Z,2025-02-25T02:27:00.736000Z,2025-02-25T02:27:00.663137Z,3074.0,668,55,Female,Other,United States,United States,United States,English,No,Full-Time,prolific_export_67bc420cf2eef3d0f2274dd2.csv
APPROVED,2025-02-25T01:46:11.584000Z,2025-02-25T02:04:17.009000Z,2025-02-25T02:04:17.968000Z,2025-02-25T02:04:17.823281Z,1086.0,2802,28,Female,White,United Kingdom,United Kingdom,United Kingdom,English,Yes,Full-Time,prolific_export_67bc420cf2eef3d0f2274dd2.csv
APPROVED,2025-02-25T02:04:20.754000Z,2025-02-25T03:01:28.383000Z,2025-02-25T03:01:30.480000Z,2025-02-25T03:01:30.331849Z,3428.0,346,43,Female,White,United States,United States,United States,English,No,DATA_EXPIRED,prolific_export_67bc420cf2eef3d0f2274dd2.csv
APPROVED,2025-02-25T02:27:27.815000Z,2025-02-25T02:50:42.364000Z,2025-03-05T17:06:08.351000Z,2025-02-25T02:50:43.469722Z,1395.0,191,19,Female,White,United States,United States,United States,English,Yes,Part-Time,prolific_export_67bc420cf2eef3d0f2274dd2.csv
APPROVED,2025-02-25T02:51:09.984000Z,2025-02-25T03:58:20.533000Z,2025-02-25T03:58:23.588000Z,2025-02-25T03:58:21.413987Z,4031.0,210,22,Female,Mixed,United States,United States,United States,English,Yes,Unemployed (and job seeking),prolific_export_67bc420cf2eef3d0f2274dd2.csv
APPROVED,2025-02-25T03:01:32.282000Z,2025-02-25T03:34:33.710000Z,2025-02-25T03:34:34.567000Z,2025-02-25T03:34:34.478456Z,1982.0,3643,34,Female,White,United States,United States,United States,English,No,Part-Time,prolific_export_67bc420cf2eef3d0f2274dd2.csv
APPROVED,2025-02-25T03:34:36.260000Z,2025-02-25T04:40:45.341000Z,2025-02-25T04:40:48.382000Z,2025-02-25T04:40:46.410194Z,3970.0,1196,52,Female,Mixed,Panama,United States,United States,English,No,Full-Time,prolific_export_67bc420cf2eef3d0f2274dd2.csv
APPROVED,2025-02-25T03:58:45.127000Z,2025-02-25T04:23:52.865000Z,2025-02-25T04:23:56.601000Z,2025-02-25T04:23:53.600765Z,1508.0,92,53,Female,White,United States,United States,United States,English,No,Full-Time,prolific_export_67bc420cf2eef3d0f2274dd2.csv
APPROVED,2025-02-25T04:23:53.009000Z,2025-02-25T04:58:06.543000Z,2025-02-25T04:58:07.891000Z,2025-02-25T04:58:07.779571Z,2054.0,352,28,Female,White,United States,United States,United States,English,Yes,Part-Time,prolific_export_67bc420cf2eef3d0f2274dd2.csv
RETURNED,2025-02-24T10:16:19.698000Z,2025-02-24T10:19:13.924000Z,,2025-02-24T10:19:14.601000Z,,163,CONSENT_REVOKED,CONSENT_REVOKED,CONSENT_REVOKED,CONSENT_REVOKED,CONSENT_REVOKED,CONSENT_REVOKED,CONSENT_REVOKED,CONSENT_REVOKED,CONSENT_REVOKED,prolific_export_67bc420cf2eef3d0f2274dd2.csv
APPROVED,2025-02-22T23:09:18.898000Z,2025-02-22T23:39:35.867000Z,2025-02-22T23:39:36.658000Z,2025-02-22T23:39:36.588401Z,1817.0,1130,53,Female,White,United Kingdom,United Kingdom,United Kingdom,English,DATA_EXPIRED,DATA_EXPIRED,prolific_export_67ba583b8c725fd212f5379e.csv
APPROVED,2025-02-22T23:09:58.062000Z,2025-02-22T23:41:48.181000Z,2025-02-24T09:49:39.005000Z,2025-02-22T23:41:49.138297Z,1911.0,101,23,Male,White,United States,United States,United States,English,No,Full-Time,prolific_export_67ba583b8c725fd212f5379e.csv
APPROVED,2025-02-22T23:20:45.386000Z,2025-02-22T23:33:14.309000Z,2025-02-24T09:52:16.643000Z,2025-02-22T23:33:15.653875Z,749.0,5,24,Male,White,United States,United States,United States,English,No,Full-Time,prolific_export_67ba583b8c725fd212f5379e.csv
APPROVED,2025-02-22T23:30:18.442000Z,2025-02-23T00:02:47.203000Z,2025-02-23T00:02:50.139000Z,2025-02-23T00:04:07.431711Z,1949.0,1939,67,Female,White,United Kingdom,United Kingdom,United Kingdom,English,No,"Not in paid work (e.g. homemaker', 'retired or disabled)",prolific_export_67ba583b8c725fd212f5379e.csv
APPROVED,2025-02-22T23:36:33.354000Z,2025-02-23T00:55:46.734000Z,2025-02-23T00:55:47.506000Z,2025-02-23T00:55:47.448232Z,4754.0,1918,42,Male,Black,United States,United States,United States,English,DATA_EXPIRED,DATA_EXPIRED,prolific_export_67ba583b8c725fd212f5379e.csv
APPROVED,2025-02-22T23:48:44.267000Z,2025-02-23T00:37:48.571000Z,2025-02-24T09:52:15.236000Z,2025-02-23T00:37:50.151889Z,2945.0,90,33,Male,DATA_EXPIRED,Ghana,United Kingdom,United Kingdom,English,No,Full-Time,prolific_export_67ba583b8c725fd212f5379e.csv
RETURNED,2025-02-22T23:43:09.474000Z,,,2025-02-23T22:56:40.253174Z,,482,CONSENT_REVOKED,CONSENT_REVOKED,CONSENT_REVOKED,CONSENT_REVOKED,CONSENT_REVOKED,CONSENT_REVOKED,CONSENT_REVOKED,CONSENT_REVOKED,CONSENT_REVOKED,prolific_export_67ba583b8c725fd212f5379e.csv
APPROVED,2025-02-23T00:05:41.647000Z,2025-02-23T00:55:37.451000Z,2025-02-23T00:55:38.202000Z,2025-02-23T00:55:38.140464Z,2996.0,2246,32,Male,White,United States,United States,United States,English,DATA_EXPIRED,DATA_EXPIRED,prolific_export_67ba583b8c725fd212f5379e.csv
APPROVED,2025-02-23T00:12:49.293000Z,2025-02-23T00:50:41.510000Z,2025-02-23T00:51:37.096000Z,2025-02-23T00:50:42.461819Z,2273.0,429,24,Female,White,United Kingdom,United Kingdom,United Kingdom,English,Yes,Part-Time,prolific_export_67ba583b8c725fd212f5379e.csv
APPROVED,2025-02-23T00:44:38.740000Z,2025-02-23T01:20:00.504000Z,2025-02-23T01:20:01.238000Z,2025-02-23T01:20:01.175254Z,2122.0,4369,42,Male,White,United Kingdom,United Kingdom,United Kingdom,English,No,Full-Time,prolific_export_67ba583b8c725fd212f5379e.csv
APPROVED,2025-02-23T00:57:48.620000Z,2025-02-23T01:42:02.329000Z,2025-02-23T01:42:06.230000Z,2025-02-23T01:42:03.138546Z,2654.0,2703,45,Male,White,United States,United Kingdom,United Kingdom,English,No,Full-Time,prolific_export_67ba583b8c725fd212f5379e.csv
RETURNED,2025-02-23T00:57:56.995000Z,,,2025-02-23T22:56:40.257409Z,,872,CONSENT_REVOKED,CONSENT_REVOKED,CONSENT_REVOKED,CONSENT_REVOKED,CONSENT_REVOKED,CONSENT_REVOKED,CONSENT_REVOKED,CONSENT_REVOKED,CONSENT_REVOKED,prolific_export_67ba583b8c725fd212f5379e.csv
RETURNED,2025-02-23T00:58:49.162000Z,,,2025-02-23T22:56:40.376787Z,,28,CONSENT_REVOKED,CONSENT_REVOKED,CONSENT_REVOKED,CONSENT_REVOKED,CONSENT_REVOKED,CONSENT_REVOKED,CONSENT_REVOKED,CONSENT_REVOKED,CONSENT_REVOKED,prolific_export_67ba583b8c725fd212f5379e.csv
APPROVED,2025-02-23T01:17:44.582000Z,2025-02-23T02:07:04.296000Z,2025-02-23T02:07:07.017000Z,2025-02-23T02:07:05.044970Z,2960.0,2999,25,Male,Asian,United States,United States,United States,English,No,Full-Time,prolific_export_67ba583b8c725fd212f5379e.csv
APPROVED,2025-02-23T01:20:12.427000Z,2025-02-23T02:05:21.552000Z,2025-02-23T02:05:22.516000Z,2025-02-23T02:05:22.471213Z,2710.0,290,61,Female,White,United States,United States,Poland,English,Yes,Part-Time,prolific_export_67ba583b8c725fd212f5379e.csv
APPROVED,2025-02-23T01:23:12.630000Z,2025-02-23T02:01:56.806000Z,2025-02-23T02:01:57.602000Z,2025-02-23T02:01:57.529649Z,2325.0,1074,39,Male,White,United States,United States,United States,English,No,Part-Time,prolific_export_67ba583b8c725fd212f5379e.csv
APPROVED,2025-02-23T01:42:25.366000Z,2025-02-23T02:20:15.175000Z,2025-02-23T02:20:15.894000Z,2025-02-23T02:20:15.823366Z,2270.0,1822,57,Female,White,United States,United States,United States,English,No,Full-Time,prolific_export_67ba583b8c725fd212f5379e.csv
APPROVED,2025-02-23T02:02:03.477000Z,2025-02-23T02:40:02.962000Z,2025-02-23T02:40:06.024000Z,2025-02-23T02:40:03.609152Z,2280.0,1695,26,Male,White,United Kingdom,United Kingdom,United Kingdom,English,DATA_EXPIRED,DATA_EXPIRED,prolific_export_67ba583b8c725fd212f5379e.csv
APPROVED,2025-02-23T02:07:03.097000Z,2025-02-23T03:21:47.903000Z,2025-02-23T03:21:48.619000Z,2025-02-23T03:21:48.564190Z,4485.0,2836,55,Male,Black,United States,United States,United States,English,No,Unemployed (and job seeking),prolific_export_67ba583b8c725fd212f5379e.csv
APPROVED,2025-02-23T02:12:37.485000Z,2025-02-23T03:33:25.723000Z,2025-02-23T03:33:26.491000Z,2025-02-23T03:33:26.427352Z,4849.0,143,74,Male,White,United States,United States,United States,English,No,Full-Time,prolific_export_67ba583b8c725fd212f5379e.csv
APPROVED,2025-02-23T02:25:57.190000Z,2025-02-23T03:14:06.070000Z,2025-02-23T03:14:07.287000Z,2025-02-23T03:14:07.221428Z,2889.0,5173,33,Male,White,Ireland,United Kingdom,Ireland,English,Yes,Full-Time,prolific_export_67ba583b8c725fd212f5379e.csv
APPROVED,2025-02-23T02:40:03.312000Z,2025-02-23T04:14:00.651000Z,2025-02-23T04:14:02.444000Z,2025-02-23T04:14:01.257531Z,5638.0,339,25,Male,White,United States,United States,United States,English,No,Full-Time,prolific_export_67ba583b8c725fd212f5379e.csv
RETURNED,2025-02-23T03:24:10.541000Z,,,2025-02-23T22:56:40.273780Z,,628,CONSENT_REVOKED,CONSENT_REVOKED,CONSENT_REVOKED,CONSENT_REVOKED,CONSENT_REVOKED,CONSENT_REVOKED,CONSENT_REVOKED,CONSENT_REVOKED,CONSENT_REVOKED,prolific_export_67ba583b8c725fd212f5379e.csv
APPROVED,2025-02-23T03:16:21.629000Z,2025-02-23T04:26:13.559000Z,2025-02-23T04:26:14.341000Z,2025-02-23T04:26:14.265974Z,4192.0,371,40,Male,White,United States,United States,United States,English,No,DATA_EXPIRED,prolific_export_67ba583b8c725fd212f5379e.csv
APPROVED,2025-02-23T03:21:47.899000Z,2025-02-23T03:57:41.407000Z,2025-02-23T03:57:42.392000Z,2025-02-23T03:57:42.338748Z,2154.0,2635,30,Male,Mixed,United States,United States,United States,English,DATA_EXPIRED,DATA_EXPIRED,prolific_export_67ba583b8c725fd212f5379e.csv
APPROVED,2025-02-23T03:33:25.726000Z,2025-02-23T04:54:22.579000Z,2025-02-23T04:54:23.406000Z,2025-02-23T04:54:23.348573Z,4857.0,4087,27,Male,White,United States,United States,United States,English,DATA_EXPIRED,DATA_EXPIRED,prolific_export_67ba583b8c725fd212f5379e.csv
APPROVED,2025-02-23T03:57:43.220000Z,2025-02-23T05:01:45.420000Z,2025-02-23T05:01:46.330000Z,2025-02-23T05:01:46.262709Z,3843.0,4369,47,Male,Asian,Pakistan,United Kingdom,United Kingdom,English,No,Full-Time,prolific_export_67ba583b8c725fd212f5379e.csv
APPROVED,2025-02-23T04:07:35.056000Z,2025-02-23T05:08:18.677000Z,2025-02-23T05:08:19.561000Z,2025-02-23T05:08:19.502193Z,3644.0,231,25,Male,White,United States,United States,United States,English,DATA_EXPIRED,DATA_EXPIRED,prolific_export_67ba583b8c725fd212f5379e.csv
APPROVED,2025-02-23T04:26:14.434000Z,2025-02-23T05:04:42.366000Z,2025-02-23T05:04:43.333000Z,2025-02-23T05:04:43.264254Z,2308.0,3856,31,Male,White,United States,United States,United States,English,No,Full-Time,prolific_export_67ba583b8c725fd212f5379e.csv
APPROVED,2025-02-23T04:54:23.810000Z,2025-02-23T06:22:24.697000Z,2025-02-23T06:22:26.656000Z,2025-02-23T06:22:25.503332Z,5281.0,686,34,Female,White,United States,United States,United States,English,DATA_EXPIRED,DATA_EXPIRED,prolific_export_67ba583b8c725fd212f5379e.csv
APPROVED,2025-02-23T05:02:31.701000Z,2025-02-23T05:38:14.842000Z,2025-02-23T05:38:15.624000Z,2025-02-23T05:38:15.550351Z,2144.0,4873,47,Male,Asian,United Kingdom,United Kingdom,United Kingdom,English,No,Full-Time,prolific_export_67ba583b8c725fd212f5379e.csv
APPROVED,2025-02-23T05:04:43.099000Z,2025-02-23T06:04:39.835000Z,2025-02-23T06:04:40.628000Z,2025-02-23T06:04:40.561740Z,3597.0,477,26,Male,Black,United States,United States,United States,English,Yes,Full-Time,prolific_export_67ba583b8c725fd212f5379e.csv
APPROVED,2025-02-23T05:08:27.594000Z,2025-02-23T05:44:53.374000Z,2025-02-23T05:44:54.285000Z,2025-02-23T05:44:54.196976Z,2186.0,6288,46,Female,White,United States,United States,United States,English,No,Full-Time,prolific_export_67ba583b8c725fd212f5379e.csv
APPROVED,2025-02-23T05:39:24.593000Z,2025-02-23T06:28:57.315000Z,2025-02-23T06:28:58.225000Z,2025-02-23T06:28:58.162203Z,2973.0,1941,58,Male,White,Australia,Australia,Australia,English,No,Full-Time,prolific_export_67ba583b8c725fd212f5379e.csv
APPROVED,2025-02-23T05:45:14.602000Z,2025-02-23T06:52:48.949000Z,2025-02-23T06:52:49.756000Z,2025-02-23T06:52:49.655967Z,4055.0,98,36,Male,White,United States,United States,United States,English,No,Other,prolific_export_67ba583b8c725fd212f5379e.csv
APPROVED,2025-02-23T06:05:53.260000Z,2025-02-23T07:02:18.488000Z,2025-02-23T07:02:21.940000Z,2025-02-23T07:02:19.127920Z,3386.0,2128,49,Male,White,United Kingdom,United Kingdom,United Kingdom,English,No,Full-Time,prolific_export_67ba583b8c725fd212f5379e.csv
APPROVED,2025-02-23T06:22:25.240000Z,2025-02-23T07:19:16.288000Z,2025-02-23T07:19:19.608000Z,2025-02-23T07:19:17.010134Z,3412.0,5664,44,Male,Mixed,United States,United States,United States,English,No,Full-Time,prolific_export_67ba583b8c725fd212f5379e.csv
APPROVED,2025-02-23T06:29:51.666000Z,2025-02-23T07:12:25.946000Z,2025-02-23T07:12:28.047000Z,2025-02-23T07:12:26.710313Z,2555.0,37,60,Female,White,United States,United States,United States,English,No,Full-Time,prolific_export_67ba583b8c725fd212f5379e.csv
RETURNED,2025-02-23T07:02:55.124000Z,,,2025-02-23T22:56:40.272963Z,,1493,CONSENT_REVOKED,CONSENT_REVOKED,CONSENT_REVOKED,CONSENT_REVOKED,CONSENT_REVOKED,CONSENT_REVOKED,CONSENT_REVOKED,CONSENT_REVOKED,CONSENT_REVOKED,prolific_export_67ba583b8c725fd212f5379e.csv
APPROVED,2025-02-23T06:53:45.729000Z,2025-02-23T08:10:10.931000Z,2025-02-23T08:10:11.661000Z,2025-02-23T08:10:11.593123Z,4586.0,74,25,Female,White,United States,United States,United States,English,DATA_EXPIRED,Full-Time,prolific_export_67ba583b8c725fd212f5379e.csv
APPROVED,2025-02-23T07:03:43.352000Z,2025-02-23T07:52:32.301000Z,2025-02-23T07:52:34.609000Z,2025-02-23T07:52:32.960776Z,2929.0,785,47,Female,White,United States,United States,United States,English,No,Part-Time,prolific_export_67ba583b8c725fd212f5379e.csv
TIMED-OUT,2025-02-23T07:12:27.162000Z,,,2025-02-23T22:56:40.330969Z,56654.0,7480,35,Male,White,United States,United States,United States,English,DATA_EXPIRED,DATA_EXPIRED,prolific_export_67ba583b8c725fd212f5379e.csv
APPROVED,2025-02-23T07:20:53.705000Z,2025-02-23T07:51:12.937000Z,2025-02-23T07:51:13.714000Z,2025-02-23T07:51:13.647278Z,1820.0,1064,39,Male,White,United States,United States,United States,English,DATA_EXPIRED,DATA_EXPIRED,prolific_export_67ba583b8c725fd212f5379e.csv
APPROVED,2025-02-23T07:51:16.950000Z,2025-02-23T09:01:11.543000Z,2025-02-23T09:01:12.459000Z,2025-02-23T09:01:12.383459Z,4195.0,146,64,Male,White,United States,United States,United States,English,No,Full-Time,prolific_export_67ba583b8c725fd212f5379e.csv
APPROVED,2025-02-23T07:55:40.600000Z,2025-02-23T09:03:49.889000Z,2025-02-23T09:03:50.636000Z,2025-02-23T09:03:50.572631Z,4090.0,1112,39,Male,White,United Kingdom,United Kingdom,United Kingdom,English,No,"Not in paid work (e.g. homemaker', 'retired or disabled)",prolific_export_67ba583b8c725fd212f5379e.csv
APPROVED,2025-02-23T08:10:25.410000Z,2025-02-23T09:28:26.674000Z,2025-02-24T09:52:19.667000Z,2025-02-23T09:33:18.274507Z,4682.0,528,26,Male,Black,Nigeria,United Kingdom,Nigeria,English,Yes,Full-Time,prolific_export_67ba583b8c725fd212f5379e.csv
APPROVED,2025-02-23T10:34:14.665000Z,2025-02-23T11:20:50.929000Z,2025-02-23T11:20:54.241000Z,2025-02-23T11:20:51.645620Z,2797.0,1336,46,Male,White,United Kingdom,United Kingdom,United Kingdom,English,DATA_EXPIRED,DATA_EXPIRED,prolific_export_67badc9ecf10dc223d2441e2.csv
APPROVED,2025-02-23T10:40:26.584000Z,2025-02-23T11:01:17.464000Z,2025-02-23T11:01:18.321000Z,2025-02-23T11:01:18.254195Z,1251.0,121,24,Male,White,United Kingdom,United Kingdom,United Kingdom,English,DATA_EXPIRED,Unemployed (and job seeking),prolific_export_67badc9ecf10dc223d2441e2.csv
APPROVED,2025-02-23T10:39:14.321000Z,2025-02-23T11:16:35.899000Z,2025-02-23T11:16:38.419000Z,2025-02-23T11:16:36.642905Z,2242.0,1102,56,Male,White,United Kingdom,United Kingdom,United Kingdom,English,No,Full-Time,prolific_export_67badc9ecf10dc223d2441e2.csv
APPROVED,2025-02-23T11:05:55.079000Z,2025-02-23T11:48:16.554000Z,2025-02-23T11:48:19.770000Z,2025-02-23T11:48:17.241142Z,2542.0,160,33,Female,White,United Kingdom,United Kingdom,United Kingdom,English,No,Full-Time,prolific_export_67badc9ecf10dc223d2441e2.csv
APPROVED,2025-02-23T11:17:11.513000Z,2025-02-23T11:56:34.035000Z,2025-02-23T11:56:34.933000Z,2025-02-23T11:56:34.865991Z,2363.0,2884,41,Male,White,United Kingdom,United Kingdom,United Kingdom,English,DATA_EXPIRED,DATA_EXPIRED,prolific_export_67badc9ecf10dc223d2441e2.csv
APPROVED,2025-02-23T11:23:16.402000Z,2025-02-23T11:52:20.192000Z,2025-02-23T11:52:21.172000Z,2025-02-23T11:52:21.094808Z,1744.0,600,44,Female,White,United Kingdom,United Kingdom,United Kingdom,English,No,Full-Time,prolific_export_67badc9ecf10dc223d2441e2.csv
RETURNED,2025-02-23T12:02:24.741000Z,,,2025-02-23T22:56:34.636069Z,,100,CONSENT_REVOKED,CONSENT_REVOKED,CONSENT_REVOKED,CONSENT_REVOKED,CONSENT_REVOKED,CONSENT_REVOKED,CONSENT_REVOKED,CONSENT_REVOKED,CONSENT_REVOKED,prolific_export_67badc9ecf10dc223d2441e2.csv
APPROVED,2025-02-23T11:54:32.756000Z,2025-02-23T12:48:14.566000Z,2025-02-23T12:48:15.300000Z,2025-02-23T12:48:15.229309Z,3222.0,66,46,Male,White,United Kingdom,United Kingdom,United Kingdom,English,No,Part-Time,prolific_export_67badc9ecf10dc223d2441e2.csv
APPROVED,2025-02-23T11:57:11.557000Z,2025-02-23T12:39:48.816000Z,2025-02-23T12:39:49.481000Z,2025-02-23T12:39:49.413041Z,2558.0,514,34,Male,White,United Kingdom,United Kingdom,United Kingdom,English,No,Part-Time,prolific_export_67badc9ecf10dc223d2441e2.csv
APPROVED,2025-02-23T12:01:06.174000Z,2025-02-23T12:40:02.708000Z,2025-02-23T12:40:03.599000Z,2025-02-23T12:40:04.194923Z,2337.0,77,21,Female,White,United States,United States,United States,English,No,Part-Time,prolific_export_67badc9ecf10dc223d2441e2.csv
APPROVED,2025-02-23T12:39:53.741000Z,2025-02-23T13:19:41.393000Z,2025-02-23T13:19:43.417000Z,2025-02-23T13:19:42.334715Z,2388.0,104,34,Female,Other,United States,United States,United States,English,No,Part-Time,prolific_export_67badc9ecf10dc223d2441e2.csv
APPROVED,2025-02-23T12:41:31.508000Z,2025-02-23T13:14:27.617000Z,2025-02-23T13:14:30.154000Z,2025-02-23T13:14:28.195949Z,1977.0,198,50,Male,White,United States,United States,United States,English,No,"Not in paid work (e.g. homemaker', 'retired or disabled)",prolific_export_67badc9ecf10dc223d2441e2.csv
APPROVED,2025-02-23T12:48:14.757000Z,2025-02-23T13:45:42.884000Z,2025-02-23T13:45:44.014000Z,2025-02-23T13:45:43.938133Z,3449.0,71,29,Female,White,United States,United States,United States,English,No,Part-Time,prolific_export_67badc9ecf10dc223d2441e2.csv
APPROVED,2025-02-23T13:18:39.818000Z,2025-02-23T13:51:43.035000Z,2025-02-23T13:51:43.829000Z,2025-02-23T13:51:43.750090Z,1984.0,1588,36,Male,White,United States,United States,United States,English,No,Full-Time,prolific_export_67badc9ecf10dc223d2441e2.csv
APPROVED,2025-02-23T13:19:41.993000Z,2025-02-23T13:34:18.860000Z,2025-02-24T09:47:26.646000Z,2025-02-23T13:34:19.710141Z,877.0,74,24,Female,White,United States,United States,United States,English,No,Part-Time,prolific_export_67badc9ecf10dc223d2441e2.csv
APPROVED,2025-02-23T13:34:19.056000Z,2025-02-23T14:09:42.833000Z,2025-02-23T14:09:45.550000Z,2025-02-23T14:09:43.474491Z,2124.0,139,22,Female,White,United States,United States,United States,English,No,Part-Time,prolific_export_67badc9ecf10dc223d2441e2.csv
APPROVED,2025-02-23T13:45:43.080000Z,2025-02-23T15:01:07.438000Z,2025-02-23T15:01:08.162000Z,2025-02-23T15:01:08.090390Z,4525.0,43,26,Female,White,United States,United States,United States,English,No,Part-Time,prolific_export_67badc9ecf10dc223d2441e2.csv
APPROVED,2025-02-23T13:51:43.126000Z,2025-02-23T15:06:50.747000Z,2025-02-23T15:06:51.618000Z,2025-02-23T15:06:51.547863Z,4508.0,71,23,Female,White,United States,United States,United States,English,No,Part-Time,prolific_export_67badc9ecf10dc223d2441e2.csv
APPROVED,2025-02-23T14:09:44.631000Z,2025-02-23T15:07:56.564000Z,2025-02-23T15:07:57.781000Z,2025-02-23T15:07:57.711665Z,3492.0,61,32,Female,White,United States,United States,United States,English,No,Part-Time,prolific_export_67badc9ecf10dc223d2441e2.csv
APPROVED,2025-02-23T15:01:08.120000Z,2025-02-23T15:46:07.840000Z,2025-02-23T15:46:18.211000Z,2025-02-23T15:46:08.492862Z,2700.0,68,38,Female,White,United States,United States,United States,English,No,Part-Time,prolific_export_67badc9ecf10dc223d2441e2.csv
APPROVED,2025-02-23T15:07:24.715000Z,2025-02-23T16:07:18.965000Z,2025-02-23T16:07:19.804000Z,2025-02-23T16:07:19.691011Z,3595.0,550,65,Female,White,United States,United States,United States,English,No,"Not in paid work (e.g. homemaker', 'retired or disabled)",prolific_export_67badc9ecf10dc223d2441e2.csv
APPROVED,2025-02-23T15:07:56.598000Z,2025-02-23T15:41:19.191000Z,2025-02-23T15:41:50.804000Z,2025-02-23T15:41:19.841942Z,2003.0,2118,46,Female,White,United States,United States,United States,English,No,Part-Time,prolific_export_67badc9ecf10dc223d2441e2.csv
APPROVED,2025-02-23T15:41:19.196000Z,2025-02-23T16:36:21.092000Z,2025-02-23T16:36:21.884000Z,2025-02-23T16:36:21.830619Z,3302.0,1960,70,Female,White,United Kingdom,United Kingdom,United Kingdom,English,No,Part-Time,prolific_export_67badc9ecf10dc223d2441e2.csv
APPROVED,2025-02-23T15:48:38.019000Z,2025-02-23T16:46:52.018000Z,2025-02-23T16:46:52.609000Z,2025-02-23T16:46:52.540239Z,3494.0,302,28,Male,White,United States,United States,United States,English,DATA_EXPIRED,Full-Time,prolific_export_67badc9ecf10dc223d2441e2.csv
APPROVED,2025-02-23T16:07:19.104000Z,2025-02-23T16:59:14.842000Z,2025-02-23T16:59:15.641000Z,2025-02-23T16:59:15.529792Z,3116.0,790,21,Female,White,United Kingdom,United Kingdom,United Kingdom,English,Yes,Full-Time,prolific_export_67badc9ecf10dc223d2441e2.csv
APPROVED,2025-02-23T16:38:59.236000Z,2025-02-23T17:21:38.039000Z,2025-02-23T17:21:40.016000Z,2025-02-23T17:21:38.887582Z,2559.0,1279,52,Female,Asian,Philippines,United States,United States,English,No,Full-Time,prolific_export_67badc9ecf10dc223d2441e2.csv
APPROVED,2025-02-23T16:46:52.064000Z,2025-02-23T18:04:05.528000Z,2025-02-23T18:04:06.391000Z,2025-02-23T18:04:06.320500Z,4634.0,229,36,Male,DATA_EXPIRED,United States,United States,United States,English,DATA_EXPIRED,Unemployed (and job seeking),prolific_export_67badc9ecf10dc223d2441e2.csv
RETURNED,2025-02-23T16:59:14.889000Z,,,2025-02-23T22:56:34.644038Z,,2978,CONSENT_REVOKED,CONSENT_REVOKED,CONSENT_REVOKED,CONSENT_REVOKED,CONSENT_REVOKED,CONSENT_REVOKED,CONSENT_REVOKED,CONSENT_REVOKED,CONSENT_REVOKED,prolific_export_67badc9ecf10dc223d2441e2.csv
APPROVED,2025-02-23T17:21:38.045000Z,2025-02-23T18:16:51.089000Z,2025-02-23T18:16:52Z,2025-02-23T18:16:51.927420Z,3314.0,1876,46,Male,White,Jordan,United States,United States,English,No,Full-Time,prolific_export_67badc9ecf10dc223d2441e2.csv
APPROVED,2025-02-23T17:48:05.135000Z,2025-02-23T18:28:08.456000Z,2025-02-23T18:28:09.384000Z,2025-02-23T18:28:09.307871Z,2404.0,130,61,Male,White,United States,United States,United States,English,No,Full-Time,prolific_export_67badc9ecf10dc223d2441e2.csv
APPROVED,2025-02-23T18:04:09.365000Z,2025-02-23T19:28:35.193000Z,2025-02-25T07:18:06.525000Z,2025-02-24T12:53:59.412408Z,5066.0,634,23,Male,Black,United States,United States,United States,English,Yes,Full-Time,prolific_export_67badc9ecf10dc223d2441e2.csv
APPROVED,2025-02-23T18:16:51.771000Z,2025-02-23T18:38:18.710000Z,2025-02-23T18:38:19.431000Z,2025-02-23T18:38:19.369646Z,1287.0,1572,27,Male,White,United Kingdom,United Kingdom,United Kingdom,English,Yes,Full-Time,prolific_export_67badc9ecf10dc223d2441e2.csv
APPROVED,2025-02-23T18:28:09.336000Z,2025-02-23T19:24:07.859000Z,2025-02-23T19:24:08.996000Z,2025-02-23T19:24:09.555960Z,3359.0,365,48,Male,White,Belarus,United States,United States,English,No,Part-Time,prolific_export_67badc9ecf10dc223d2441e2.csv
APPROVED,2025-02-23T18:39:11.924000Z,2025-02-23T19:38:44.320000Z,2025-02-23T19:38:46.451000Z,2025-02-23T19:38:45.113456Z,3573.0,80,31,Male,Black,United States,United States,United States,English,No,Full-Time,prolific_export_67badc9ecf10dc223d2441e2.csv
APPROVED,2025-02-23T19:24:07.860000Z,2025-02-23T20:45:09.743000Z,2025-02-23T20:45:10.423000Z,2025-02-23T20:45:10.340532Z,4862.0,214,23,Male,Black,Nigeria,United Kingdom,Nigeria,English,Yes,Part-Time,prolific_export_67badc9ecf10dc223d2441e2.csv
APPROVED,2025-02-23T19:28:35.594000Z,2025-02-23T20:42:11.777000Z,2025-02-23T20:42:12.655000Z,2025-02-23T20:42:12.565328Z,4417.0,131,37,Male,White,United States,United States,United States,English,No,Full-Time,prolific_export_67badc9ecf10dc223d2441e2.csv
APPROVED,2025-02-23T19:42:12.315000Z,2025-02-23T20:49:22.233000Z,2025-02-23T20:49:24.016000Z,2025-02-23T20:49:23.172935Z,4030.0,324,34,Male,White,United States,United States,United States,English,DATA_EXPIRED,DATA_EXPIRED,prolific_export_67badc9ecf10dc223d2441e2.csv
APPROVED,2025-02-23T20:42:11.831000Z,2025-02-23T22:05:58.773000Z,2025-02-24T09:40:51.540000Z,2025-02-24T00:05:32.816242Z,5027.0,4261,52,Male,DATA_EXPIRED,United States,United States,United States,English,No,DATA_EXPIRED,prolific_export_67badc9ecf10dc223d2441e2.csv
APPROVED,2025-02-23T20:45:20.770000Z,2025-02-23T21:37:51.596000Z,2025-02-23T21:37:52.422000Z,2025-02-23T21:37:52.344899Z,3151.0,4339,36,Female,White,United States,United States,United States,English,DATA_EXPIRED,DATA_EXPIRED,prolific_export_67badc9ecf10dc223d2441e2.csv
APPROVED,2025-02-23T20:49:22.246000Z,2025-02-23T21:26:48.330000Z,2025-02-23T21:26:49.308000Z,2025-02-23T21:26:49.246691Z,2247.0,2856,55,Female,White,United Kingdom,United Kingdom,United Kingdom,English,DATA_EXPIRED,DATA_EXPIRED,prolific_export_67badc9ecf10dc223d2441e2.csv
APPROVED,2025-02-23T21:26:48.760000Z,2025-02-23T21:57:06.502000Z,2025-02-23T21:57:08.738000Z,2025-02-23T21:57:08.629254Z,1818.0,2010,27,Female,Mixed,United States,United States,United States,English,Yes,Other,prolific_export_67badc9ecf10dc223d2441e2.csv
RETURNED,2025-02-23T21:37:59.827000Z,,,2025-02-23T22:56:34.648579Z,,1526,CONSENT_REVOKED,CONSENT_REVOKED,CONSENT_REVOKED,CONSENT_REVOKED,CONSENT_REVOKED,CONSENT_REVOKED,CONSENT_REVOKED,CONSENT_REVOKED,CONSENT_REVOKED,prolific_export_67badc9ecf10dc223d2441e2.csv
APPROVED,2025-02-23T22:13:36.948000Z,2025-02-23T22:55:44.301000Z,2025-02-23T22:55:45.551000Z,2025-02-23T22:55:45.998853Z,2528.0,1119,33,Female,White,United States,United States,United States,English,No,Full-Time,prolific_export_67badc9ecf10dc223d2441e2.csv
